记录ID,来源编号,DOI,状态,入口,sha256
IONDET-0026,Xu19,10.1063/1.5049499,下载成功,https://pubs.aip.org/aip/rsi/article-pdf/doi/10.1063/1.5049499/15902833/033306_1_online.pdf,0cc262f70138ba5a4075c6c3f355becce57f114dd57956838bb6f04d1c9b66fc
IONDET-0017,Mah22,10.1063/5.0118775,下载成功,https://pubs.aip.org/aip/rsi/article-pdf/doi/10.1063/5.0118775/16579703/113311_1_online.pdf,89428dc170b023465bd52a746ef2b7f0a5d3b8bcf61bbfba9ffa5dceaef9c9fe
IONDET-0047,Ist23,10.1063/5.0146554,下载成功,https://pubs.aip.org/aip/rsi/article-pdf/doi/10.1063/5.0146554/18136333/073305_1_5.0146554.pdf,607e6a6a7be2c14ea9621bb08479a530d992e1bef71f792c362407fcf3219b12
IONDET-0022,Dov17,10.1063/1.4994732,下载成功,https://pubs.aip.org/aip/rsi/article-pdf/doi/10.1063/1.4994732/14787013/073304_1_online.pdf,d7903f95d0c6c586ae0ed68b5050d4f4c1b2ede59b83babb4bb8afc241469fa0
IONDET-0002,Sch14,10.1063/1.4870895,下载成功,https://pubs.aip.org/aip/rsi/article-pdf/doi/10.1063/1.4870895/15818845/043305_1_online.pdf,3a86c51aa6e6e8d16f09065a324d806d924950efbb56b45f7721959d69fdfb3f
IONDET-0042,Bac15,10.1063/1.4927684,下载成功,https://pubs.aip.org/aip/rsi/article-pdf/doi/10.1063/1.4927684/14052526/083307_1_online.pdf,65af9157a807d7d34ca1e4592f5f818ca08839f267acc81d46e56053c2b5c73b
IONDET-0053,Gun13,10.1063/1.4815826,下载成功,https://pubs.aip.org/aip/rsi/article-pdf/doi/10.1063/1.4815826/13516768/073305_1_online.pdf,9af119abce9d9249cae7aa2551998a1476f5240068a68f4e730cc55b5237b304
IONDET-0013,Jun11b,10.1063/1.3575581,下载成功,https://pubs.aip.org/aip/rsi/article-pdf/doi/10.1063/1.3575581/13460703/043301_1_online.pdf,2e0515ef6d2379c4fd1523cc655949219e527714c0721e9193819d3a7b113185
IONDET-0009,Met12,10.1063/1.4768672,下载成功,https://pubs.aip.org/aip/rsi/article-pdf/doi/10.1063/1.4768672/15764082/123301_1_online.pdf,59486bf0b57640ffb1a50e19135792af9f913a23601358fa6bbac82959d1bc3f
IONDET-0046,Mor11,10.1063/1.3556444,下载成功,https://pubs.aip.org/aip/rsi/article-pdf/doi/10.1063/1.3556444/15824822/033506_1_online.pdf,c12db17f972aa2f9d9024f7fd78ac2d2df390314c362c6de6c386bf4f9d5204b
IONDET-0027,Wur18,10.1063/1.5052059,下载成功,https://pubs.aip.org/aip/rsi/article-pdf/doi/10.1063/1.5052059/15604619/123302_1_online.pdf,e807c975fd934b8b634da6ac35fb68e8705cfafbb8b1205ff24bbe1ae9a024e0
IONDET-0018,Man08,10.1063/1.2949388,下载成功,https://pubs.aip.org/aip/rsi/article-pdf/doi/10.1063/1.2949388/15981715/073301_1_online.pdf,971c9ebfe1cc20df6e435562f26fd222fc2330c0204f04c677aedd886483a4fc
IONDET-0003,Har08,10.1063/1.2987687,下载成功,https://pubs.aip.org/aip/rsi/article-pdf/doi/10.1063/1.2987687/14868531/093306_1_online.pdf,ad443b29395078fa50764ae1759fe417169612a3d843f388954b1921030aedd2
IONDET-0082,Kus26,10.1063/5.0324249,下载成功,https://pubs.aip.org/aip/rsi/article-pdf/doi/10.1063/5.0324249/21072086/073306_1_5.0324249.pdf,17254a7d75c39ac7f78a3b55fbe77ed1e05fa3b7167bdd5ae37907973b26db0a
IONDET-0029,11-Mar,10.1063/1.3585871,下载成功,https://pubs.aip.org/aip/jap/article-pdf/doi/10.1063/1.3585871/15074223/103302_1_online.pdf,4a11cddeb646c7e18e5f94582c57a1b9f5bbaf34e9ec76820d1f32fb0bfc5053
IONDET-0114,Rie24,10.1063/5.0212122,下载成功,https://pubs.aip.org/aip/adv/article-pdf/doi/10.1063/5.0212122/20093336/085304_1_5.0212122.pdf,620cf7b63f8d6c02cc651a1df5916a541fe7db046ef8897074ffe453c889cbea
IONDET-0030,Gai07,10.1063/1.2400020,下载成功,https://pubs.aip.org/aip/rsi/article-pdf/doi/10.1063/1.2400020/13578956/013304_1_online.pdf,f0b48fa0a7a2f9c0eb6a932e326bac0fe628c9541111c12dd7961111964a7a22
IONDET-0204,Foo24,10.1063/5.0219510,下载成功,https://pubs.aip.org/aip/rsi/article-pdf/doi/10.1063/5.0219510/20228290/103527_1_5.0219510.pdf,bc4f407be9829a19d04f07567a33aaa8551cbcaab22bf9d543eb756a2ee02d11
IONDET-0302,Fan26,10.1063/5.0311670,下载成功,https://pubs.aip.org/aip/apl/article-pdf/doi/10.1063/5.0311670/21108510/074101_1_5.0311670.pdf,4922a37b990013006c175ccbdfcb7a486cb2c8205d24f41f3935e3fe1864ca2e
IONDET-0125,Van24,10.1063/5.0219547,下载成功,https://pubs.aip.org/aip/rsi/article-pdf/doi/10.1063/5.0219547/20173293/093536_1_5.0219547.pdf,cea87e39ea59e7640f7aa8558222735c88c71b8b8867720b32213b236dde1f6e
IONDET-0154,Li23,10.1063/5.0159450,下载成功,https://pubs.aip.org/aip/adv/article-pdf/doi/10.1063/5.0159450/18149970/105202_1_5.0159450.pdf,5c2a56f573df4dd64c99b061244f3ed2103c8111904e56cfa59218b925d7c474
IONDET-0064,Ras26,10.1063/5.0302424,下载成功,https://pubs.aip.org/aip/rsi/article-pdf/doi/10.1063/5.0302424/20886902/023301_1_5.0302424.pdf,dd69cf9175cbc6008a68c11afc3fdbcd02b1c22ca3d155bdcc0035f54fc81a2f
IONDET-0174,Pea24,10.1063/5.0219482,下载成功,https://pubs.aip.org/aip/rsi/article-pdf/doi/10.1063/5.0219482/20190179/103509_1_5.0219482.pdf,3fd4aeeaf7ec72ae155fbf9b7184f2661c51d54bec58b2b356d687665d4d20b7
IONDET-0052,Sch22,10.1063/5.0094105,下载成功,https://pubs.aip.org/aip/rsi/article-pdf/doi/10.1063/5.0094105/16601537/093306_1_online.pdf,ae3531382f6f7828d02b4107cfd1f39a956b3daaf7909e718cd6160209b1b4c8
IONDET-0146,Li24,10.1063/5.0174581,下载成功,https://pubs.aip.org/aip/rsi/article-pdf/doi/10.1063/5.0174581/18294153/013502_1_5.0174581.pdf,979d5da735098032117cf262af983e345b5812f13600fbb886c6d35f79110c1a
IONDET-0123,Abe22,10.1063/5.0078817,下载成功,https://pubs.aip.org/aip/rsi/article-pdf/doi/10.1063/5.0078817/16631397/063502_1_online.pdf,9cdaeaacca8ae3671c93b8c5bb7660f0e1d61054830756f3be94f23fda5780b4
IONDET-0056,Mah21,10.1063/5.0031253,下载成功,https://pubs.aip.org/aip/rsi/article-pdf/doi/10.1063/5.0031253/15780381/023302_1_online.pdf,bc30276ec808b4e7edcef05a842bf4a567e20f574d4604b6139b66eb62d6a975
IONDET-0060,Hes21,10.1063/5.0052507,下载成功,https://pubs.aip.org/aip/rsi/article-pdf/doi/10.1063/5.0052507/15813888/093302_1_online.pdf,58d6151786b2a5650ed0444ad86b851919b64c3351e18e0a8cbf52f1413d2fbc
IONDET-0061,Koj21,10.1063/5.0035618,下载成功,https://pubs.aip.org/aip/rsi/article-pdf/doi/10.1063/5.0035618/13857946/033306_1_online.pdf,01af2fe64d4b4ed04a797544af36cda750f5b05f8c40999e411337d63d853ac8
IONDET-0198,Mil21,10.1140/epjp/s13360-021-02134-z,下载成功,https://link.springer.com/content/pdf/10.1140/epjp/s13360-021-02134-z.pdf,5d93e29a225f156e4bd4c5d952c6b83005180f3cb62eb504b2776924c4bf79b7
IONDET-0083,Rah21,10.1063/5.0031930,下载成功,https://pubs.aip.org/aip/adv/article-pdf/doi/10.1063/5.0031930/12838995/015232_1_online.pdf,d5ad0db55920df027ac285c18314d25d42c568c1fb5305facaa68338cd0ed408
IONDET-0040,Nis20,10.1063/5.0016515,下载成功,https://pubs.aip.org/aip/rsi/article-pdf/doi/10.1063/5.0016515/14798776/093305_1_online.pdf,98f0c5dc29321a1d2884d70e6646847b5a0f2a114ed76facf3de228118f44c94
IONDET-0102,Zha18,10.1063/1.5042424,下载成功,https://pubs.aip.org/aip/rsi/article-pdf/doi/10.1063/1.5042424/15992882/093302_1_online.pdf,0591316abf19b67b25d9b5b4b3247b271997d8a35c0ec37641b49bf1df15bf80
IONDET-0043,Duc18,10.1063/1.5009737,下载成功,https://pubs.aip.org/aip/rsi/article-pdf/doi/10.1063/1.5009737/15826894/023304_1_online.pdf,30072c3518e5cd14817d42200e17547a8e1e838b091e9081049b30382b46f5c7
IONDET-0106,Koj20,10.1063/5.0005450,下载成功,https://pubs.aip.org/aip/rsi/article-pdf/doi/10.1063/5.0005450/13638369/053305_1_online.pdf,62cb3f4b901c73e1c2b9081f9af0f2e881a371c5dc3f6252f4b5ea6572700e52
IONDET-0182,Bat18,10.1063/1.5029854,下载成功,https://pubs.aip.org/aip/pop/article-pdf/doi/10.1063/1.5029854/14693539/054506_1_online.pdf,915ffba96550082f9d2080696aa5389c9f862464c07d4edfc0baffc8c6b746b1
IONDET-0387,Fen18,10.1063/1.4996022,下载成功,https://pubs.aip.org/aip/rsi/article-pdf/doi/10.1063/1.4996022/15764274/043511_1_online.pdf,4071f69199a86c20bade22a3fd397e7c74789f0a124eee319fa87370a2197245
IONDET-0127,Tat17,10.1063/1.4998685,下载成功,https://pubs.aip.org/aip/rsi/article-pdf/doi/10.1063/1.4998685/13525894/083305_1_online.pdf,f3cffb0d204e0a318b5b4aaadc192aa6e357e898b357e4a7bde945d4e9573b43
IONDET-0045,Rab17,10.1063/1.5009472,下载成功,https://pubs.aip.org/aip/rsi/article-pdf/doi/10.1063/1.5009472/15840950/113301_1_online.pdf,ff6f8819f0f9529f9ed3f4f1dd5ebd9bebf76cf20398a398f467ca0c063554b9
IONDET-0079,Pro14,10.1063/1.4859496,下载成功,https://pubs.aip.org/aip/rsi/article-pdf/doi/10.1063/1.4859496/14775104/013302_1_online.pdf,dd846ec20fda519c6392b4a6573b332380035ec410626deede52bf1b3bac211e
IONDET-0151,Ros14,10.1063/1.4870898,下载成功,https://pubs.aip.org/aip/rsi/article-pdf/doi/10.1063/1.4870898/15818522/043302_1_online.pdf,04b2f661e4fde1a57bd3fbb573e9138c8399a35ea49a9f355c06d3b7e1cc4df8
IONDET-0252,Bon13,10.1063/1.4826084,下载成功,https://pubs.aip.org/aip/rsi/article-pdf/doi/10.1063/1.4826084/13468668/103510_1_online.pdf,5d54001381b8cdeee523b85cda9ce2ea7e81e0b0ad2892dca37f983e02dd75c0
IONDET-0091,Sak13,10.1063/1.4773546,下载成功,https://pubs.aip.org/aip/rsi/article-pdf/doi/10.1063/1.4773546/14699581/013301_1_online.pdf,ab75b9ec3ee9b8ab1fcc5c34297db8a22cfe05a0d30c7b9f705d81ad1e51708c
IONDET-0055,15-Jun,10.1063/1.4914845,下载成功,https://pubs.aip.org/aip/rsi/article-pdf/doi/10.1063/1.4914845/15818681/033303_1_online.pdf,3f455339686f7a008dffb24325dae18c14bf833f623934e45bf2b479b5da169f
IONDET-0121,Zhe13,10.1063/1.4820918,下载成功,https://pubs.aip.org/aip/rsi/article-pdf/doi/10.1063/1.4820918/16102890/096103_1_online.pdf,e4e7ac34590a38b007c8507e33fdc4fa10b98af68574a3949f239f3d5ac410a0
IONDET-0010,Fre11,10.1063/1.3606446,下载成功,https://pubs.aip.org/aip/rsi/article-pdf/doi/10.1063/1.3606446/16006727/073301_1_online.pdf,6b9a2547ef2fc47a1a57796518e82c666b63c26ba53296cd0e5eff07d20bb88c
IONDET-0385,Bis19,10.1017/hpl.2019.41,下载成功,https://www.cambridge.org/core/services/aop-cambridge-core/content/view/B440C51C869AED1D23AC766AF28C8AAA/S2095471919000410a.pdf/div-class-title-review-on-tnsa-diagnostics-and-recent-developments-at-sparc-lab-div.pdf,aa1b01077cfa82ab0751ebd26170762fdb0b57c40c4f3fe27c466fa2463dbeaa
IONDET-0191,Tor13,10.1063/1.4793454,下载成功,https://pubs.aip.org/aip/pop/article-pdf/doi/10.1063/1.4793454/16147278/023106_1_online.pdf,d5d10947568fabea1334c39b4f0a9bf79d780c62a30589c8bbe0e4d4f21e0c82
IONDET-0108,10-Mar,10.1063/1.3265315,下载成功,https://pubs.aip.org/aip/rsi/article-pdf/doi/10.1063/1.3265315/13932820/02a506_1_online.pdf,97122a59662dfcc1ea1cd24a78b885100923c2805571ecff6691d0f6fc6824b7
IONDET-0033,Cho09,10.1063/1.3131628,下载成功,https://pubs.aip.org/aip/rsi/article-pdf/doi/10.1063/1.3131628/14846522/053302_1_online.pdf,a120d9c9626fa97f67a99389aef0d7b5418ff1615d20376dcbfd131915b7707e
IONDET-0142,Tor09b,10.1063/1.3153160,下载成功,https://pubs.aip.org/aip/jap/article-pdf/doi/10.1063/1.3153160/13908014/123304_1_online.pdf,d3d3a365c0dd238b7fa134b8e814abf5cbe15dd39ce47d017bac81abdbe7d0da
IONDET-0202,Ter09,10.1063/1.3239403,下载成功,https://pubs.aip.org/aip/rsi/article-pdf/doi/10.1063/1.3239403/14002849/103302_1_online.pdf,ef719bbfa1c06921585723421dc4364e93d6429bd8a5d4ee962a0f92b850f24d
IONDET-0007,Hey08,10.1063/1.2901603,下载成功,https://pubs.aip.org/aip/rsi/article-pdf/doi/10.1063/1.2901603/15987075/053501_1_online.pdf,f85219ee04e6d11720606100b764e2bf53171b59498a233fbedc6d3872567f57
IONDET-0116,Cow08,10.1063/1.2971974,下载成功,https://pubs.aip.org/aip/rsi/article-pdf/doi/10.1063/1.2971974/15725885/10e535_1_online.pdf,9f380cc82f48275ad74b284821ac810126c1532e1f365e291a63f6e45614edcb
IONDET-0218,Ter08,10.1063/1.2901579,下载成功,https://pubs.aip.org/aip/rsi/article-pdf/doi/10.1063/1.2901579/13628768/033303_1_online.pdf,f2401f23d0ed41d510f98f438d45d1055a6f7c13bb9fcefb94523607d4232610
IONDET-0201,Ruh04,10.1063/1.1690302,下载成功,https://pubs.aip.org/aip/pop/article-pdf/11/5/L17/19292310/l17_1_online.pdf,a4776bf781b942e07d0b7857b11331ff7ac3a88f254e86b044654a9798cda491
IONDET-0137,Web86,10.1063/1.1138637,下载成功,https://pubs.aip.org/aip/rsi/article-pdf/57/7/1251/8376332/1251_1_online.pdf,666c431b09a2f0217620fb4f6ca41384576e1615b879fd2bfbc300f4a7ad5e6c
IONDET-0164,Sak80,10.1063/1.1136073,下载成功,https://pubs.aip.org/aip/rsi/article-pdf/51/10/1314/19283497/1314_1_online.pdf,c03a01d3a7828a9f12f854b56d469ffc22a498de0ea396a4dfe351310a52fa72
IONDET-0281,Pea77,10.1063/1.1135184,下载成功,https://pubs.aip.org/aip/rsi/article-pdf/48/8/1064/19314669/1064_1_online.pdf,bcab58a529f0569193f3fcc0934e0ca7d1107fee313cfaf76db24cd746239746
IONDET-0364,All71,10.1063/1.1684897,下载成功,https://pubs.aip.org/aip/rsi/article-pdf/42/10/1423/19044890/1423_1_online.pdf,30d6e188bceb3c2e51e2f7d5cedc00e29451310900e0bd7143a472874c2d9a7e
IONDET-0260,Him16,10.1063/1.4954406,下载成功,https://pubs.aip.org/aip/rsi/article-pdf/doi/10.1063/1.4954406/15885954/063306_1_online.pdf,cab172cea26ff98a6e0d2771880403a579536f1cbae9ec1fe5476bde7c47525e
IONDET-0199,Gao25,10.1063/5.0246173,下载成功,https://pubs.aip.org/aip/pop/article-pdf/doi/10.1063/5.0246173/20468447/043102_1_5.0246173.pdf,0e99b47d8c799b250ff23f29336a80b8c3bee335530e653ba16cb90e279399ec
IONDET-0224,Li21,10.1063/5.0039364,下载成功,https://pubs.aip.org/aip/adv/article-pdf/doi/10.1063/5.0039364/12906642/085316_1_online.pdf,97a3db7659f9f0c773b1f5e9620164d448ff4246e5b8e878a84550ee0a557431
IONDET-0382,Sch16,10.1063/1.4959198,下载成功,https://pubs.aip.org/aip/rsi/article-pdf/doi/10.1063/1.4959198/14732274/071101_1_online.pdf,8898c5d85f3479ba3bf13221cd24a8b4372fa0dafff65beb429cbd61a2198b8f
IONDET-0262,Hir87,10.1063/1.1139560,下载成功,https://pubs.aip.org/aip/rsi/article-pdf/58/1/20/19190175/20_1_online.pdf,bcba0549ab0dbcff222b53e2421038bbee4f1d1b7d4cc31f0acfad3d669e2f23
IONDET-0089,11-Jun,10.1063/1.3523428,下载成功,https://pubs.aip.org/aip/rsi/article-pdf/doi/10.1063/1.3523428/15781959/013306_1_online.pdf,664805405df3fd39cc988fb93b0f01d246a9388a68943fc20395d875aa87b21c
IONDET-0073,Sch19,10.1063/1.5086248,下载成功,https://pubs.aip.org/aip/rsi/article-pdf/doi/10.1063/1.5086248/14696708/053307_1_online.pdf,3f49b42d4ec0cca54f779f7330cfeda868802a7d7b46e6d72be5b1c8b8a53415
IONDET-0118,Cob11,10.1063/1.3658048,下载成功,https://pubs.aip.org/aip/rsi/article-pdf/doi/10.1063/1.3658048/15599177/113504_1_online.pdf,81ff6ca0d8175e628a2a8f97b1087519e474b528cf5f1258bbe7c59f357e53d0
IONDET-0070,Yog07,10.1063/1.2721066,下载成功,https://pubs.aip.org/aip/pop/article-pdf/doi/10.1063/1.2721066/14866947/043104_1_online.pdf,40004548f0a3e1115f0fb295845f1be9d45e442a7bcc8360127950c67f1c67b3
IONDET-0379,Ter09b,10.1063/1.3112705,下载成功,https://pubs.aip.org/aip/pop/article-pdf/doi/10.1063/1.3112705/15932290/043108_1_online.pdf,8c9fb2335561ebbbbdd4991491a85bc1ad1962764471fdd9a8ccd6ab04c4d613
IONDET-0112,Mat10,10.1063/1.3309781,下载成功,https://pubs.aip.org/aip/rsi/article-pdf/doi/10.1063/1.3309781/13931228/023304_1_online.pdf,63cb74b37e00f30641a41ecf88a36307a2dac5339f66abe4237e368969c6f358
IONDET-0375,Sch06b,10.1063/1.2181978,下载成功,https://pubs.aip.org/aip/pop/article-pdf/doi/10.1063/1.2181978/15696109/033111_1_online.pdf,ec38b735091c3d2d3c778a1e353e198c7bcab671c2a42b61ae15b11ed6302d5d
IONDET-0188,Sch08b,10.1063/1.2912451,下载成功,https://pubs.aip.org/aip/pop/article-pdf/doi/10.1063/1.2912451/14079877/053101_1_online.pdf,2fac18683593d19a408b46bc127211fd9ec012a951b534adcf461ac0f1eeedaa
IONDET-0163,Mro96,10.1063/1.1146695,下载成功,https://pubs.aip.org/aip/rsi/article-pdf/67/3/1272/19298581/1272_1_online.pdf,88afab537897d0a6d9db6c7751110675cee396686d486f8bd20d1184abf21a6d
IONDET-0258,Gue95,10.1063/1.1146404,下载成功,https://pubs.aip.org/aip/rsi/article-pdf/66/1/333/19221069/333_1_online.pdf,dd57236b7aa0f080b5c164416172add4b7ca247117215c31c421d4a13ed7c588
IONDET-0371,Hah78,10.1063/1.1135437,下载成功,https://pubs.aip.org/aip/rsi/article-pdf/49/4/473/19188461/473_1_online.pdf,45d4a7ce0da9cb99cd83e12974416fc6daf32a76c0af01c682f63e7ab1022d54
IONDET-0165,Sla78,10.1063/1.1135266,下载成功,https://pubs.aip.org/aip/rsi/article-pdf/49/10/1493/19288819/1493_1_online.pdf,022e8ca746e8aaec65af7c1525678bce8ab31f416625c7ffa48185d6f963ca58
IONDET-0190,Ols73,10.1063/1.1662550,下载成功,https://pubs.aip.org/aip/jap/article-pdf/44/5/2275/18363940/2275_1_online.pdf,b83ea57cad9190aac5d154c492c3c25f5e0e2b3f7a4b0abc4e9b79b654cf40d4
IONDET-0261,Roc08,10.1063/1.2965787,下载成功,https://pubs.aip.org/aip/rsi/article-pdf/doi/10.1063/1.2965787/15728073/10e902_1_online.pdf,a967ac61ed3211aa302638ae43ed20772e6be11508cda6df21a1d1fb7be86180
IONDET-0365,Dec-76,10.1063/1.1134995,下载成功,https://pubs.aip.org/aip/rsi/article-pdf/48/3/232/8366555/232_1_online.pdf,015d0f30a3cbe631e1d9a742bae7782d98dc231360ebb292a7b6bcec5939156c
IONDET-0317,Gun11,10.1063/1.3613923,下载成功,https://pubs.aip.org/aip/pop/article-pdf/doi/10.1063/1.3613923/16077954/083102_1_online.pdf,1890e06dc20d214225c60e3867a61d59341df97b83e968c5e16a4f6ee4da378f
IONDET-0228,Nak08,10.1063/1.2929672,下载成功,https://pubs.aip.org/aip/rsi/article-pdf/doi/10.1063/1.2929672/15986648/053301_1_online.pdf,f2816e0d866fadd071d56e4ee61ef3ed691ef00f232391bf5b7162f80adc141b
IONDET-0282,Gam18,10.1063/1.5022845,下载成功,https://pubs.aip.org/aip/rsi/article-pdf/doi/10.1063/1.5022845/15909728/063303_1_online.pdf,f86e013d918c99d30c377292150e8960c2bec342b7b4a1f93a8621b7ef6800f8
IONDET-0384,Lel21,10.1063/5.0057828,下载成功,https://pubs.aip.org/aip/rsi/article-pdf/doi/10.1063/5.0057828/15599608/113303_1_online.pdf,439b712539abeaf6f92e3787ccd2a76032bde3ca7bfda89033cad8aaaa2ef62a
IONDET-0324,Scu18,10.3390/app8091415,下载成功,https://www.mdpi.com/2076-3417/8/9/1415/pdf,a26dbdeb42c20f372e98ecdf1ce1b663f519a55ce9a05d1967b437f57a0c048f
IONDET-0326,Ols16,10.1093/rpd/ncw037,下载成功,https://academic.oup.com/rpd/article-pdf/170/1-4/318/7456876/ncw037.pdf,fada1df14c3bc3b4bc71f994191b84ef1c9161462dc0ba6c22140bd54f8d370a
IONDET-0006,Kir11,10.1017/s0263034611000206,下载成功,https://www.cambridge.org/core/services/aop-cambridge-core/content/view/79986D6019312EDBEEC9B521698D5E2F/S0263034611000206a.pdf/div-class-title-radiochromic-film-spectroscopy-of-laser-accelerated-proton-beams-using-the-fluka-code-and-dosimetry-traceable-to-primary-standards-div.pdf,ec9d5d0d3c5f56e9bf7cb734f260c14fecf3fdb2c400a4249c45dfd87c94d824
IONDET-0362,Xie26,10.3390/photonics13030214,下载成功,https://www.mdpi.com/2304-6732/13/3/214/pdf,9138a41668dd9bba5aabfb299d8bb14c9c4f3b479cf9a0dc438bd3774a321fd8
IONDET-0253,Won21,10.3390/app11020820,下载成功,https://www.mdpi.com/2076-3417/11/2/820/pdf,47a3cc7ff16a01191463cba8a2220407c8b32f50380392bab854d0810d3c7559
IONDET-0140,Kan20,10.1007/978-3-030-47098-2_7,下载成功,https://link.springer.com/content/pdf/10.1007/978-3-030-47098-2_7.pdf,b408cda61201cc624c739db6915f74d2b8e4efa32896573717ec9c1c340b75c8
IONDET-0150,He20c,10.1051/epjconf/202023907006,下载成功,https://www.epj-conferences.org/articles/epjconf/pdf/2020/15/epjconf_nd2019_07006.pdf,bf3dfc12a2be9f2ecb8b9b8155674f985c2edbef04de82b4a262c067d5c9928d
IONDET-0241,He20; He20b,10.1007/s41365-020-0749-1,下载成功,https://link.springer.com/content/pdf/10.1007/s41365-020-0749-1.pdf,a3ff7c9cd1bc6d45b4e49c122371202a987a47109640c0220f61e686a8a3147e
IONDET-0071,Ver20,10.1088/1748-0221/15/09/c09066,下载成功,https://iopscience.iop.org/article/10.1088/1748-0221/15/09/C09066/pdf,d6efb41e4571eadd0e3fa828ad6814de2e6fa8d7d77da0eec9c823020a7aa69d
IONDET-0183,Sch19b,10.1088/1748-0221/14/06/t06004,下载成功,https://iopscience.iop.org/article/10.1088/1748-0221/14/06/T06004/pdf,e5f990c2484e920af3f5fb0bbe3f8e958cb96a6477b26dbd3b81a23a175e6fad
IONDET-0347,Pol19,10.1088/1748-0221/14/10/c10015,下载成功,https://iopscience.iop.org/article/10.1088/1748-0221/14/10/C10015/pdf,6c7359f635c8516dda49c66e341d427a4844a04442500d03e6d9163c71c03a00
IONDET-0161,Eng18,10.1093/rpd/ncy008,下载成功,https://academic.oup.com/rpd/article-pdf/180/1-4/291/25409576/ncy008.pdf,094db15e2633775e9c6424b43a393b74316e64f0216a5f63aec580918a0408f8
IONDET-0369,Cos18,10.1051/epjconf/201816704005,下载成功,https://www.epj-conferences.org/articles/epjconf/pdf/2018/02/epjconf_ppla2018_04005.pdf,a5c5ec52db28904d5d8336128cc7296f6cb0f542fac8c16b8f8cc8c8e9f05833
IONDET-0370,Tor18,10.1051/epjconf/201816703011,下载成功,https://www.epj-conferences.org/articles/epjconf/pdf/2018/02/epjconf_ppla2018_03011.pdf,e6ec3b2becd0c0b9a134bd2f6a41a9bf4210037c0d31951d68a1df033dba5805
IONDET-0147,Cav18,10.1051/epjconf/201816704003,下载成功,https://www.epj-conferences.org/articles/epjconf/pdf/2018/02/epjconf_ppla2018_04003.pdf,cd394eeff78a6bb21ad4ce9e3776087402e474bca326e7e751a027b090d5ee29
IONDET-0168,Wur17,10.1088/1742-6596/777/1/012018,下载成功,https://iopscience.iop.org/article/10.1088/1742-6596/777/1/012018/pdf,e6f88abddffda5aa6b8adaadc57cea0cedf2fdc9bf8933a63bae354c3105e16d
IONDET-0130,Mil17,10.1088/1748-0221/12/02/c02025,下载成功,https://iopscience.iop.org/article/10.1088/1748-0221/12/02/C02025/pdf,4e539deb45827db3a4054a0560d8bfb95c832879fbfd708b37c93b5a368d351e
IONDET-0059,Kan16b,10.1088/0741-3335/58/3/034013,下载成功,https://iopscience.iop.org/article/10.1088/0741-3335/58/3/034013/pdf,b3a906065dd5696de24efadf48825e146c4bc779e54a89dec5be4e2b9aa2c7be
IONDET-0179,Cir14,10.1088/1748-0221/9/08/t08001,下载成功,https://iopscience.iop.org/article/10.1088/1748-0221/9/08/T08001/pdf,66f89507690a1f7f3719aec7dac2c29dac77e7b2e30c7bf29219a323a21dc51b
IONDET-0265,Cal14,10.1088/1742-6596/508/1/012009,下载成功,https://iopscience.iop.org/article/10.1088/1742-6596/508/1/012009/pdf,1011e04f4f88ca9b794c8f5a5dd8597d1cb54e00759f6eac46bbc00cd54d76a1
IONDET-0325,Ols14,10.1093/rpd/ncu024,下载成功,https://academic.oup.com/rpd/article-pdf/161/1-4/343/9583711/ncu024.pdf,e72ff54cb03ec1fd2030afbac4e7801da27ee6b575f2a58150d6f2d7f1523176
IONDET-0206,Cut14,10.1088/1742-6596/508/1/012020,下载成功,https://iopscience.iop.org/article/10.1088/1742-6596/508/1/012020/pdf,3ebea0879e8b538c1e49337e44998eaae2e22b1f81e9f71d2b534a0449ae9045
IONDET-0192,Tor13b,10.1063/1.4816604,下载成功,https://pubs.aip.org/aip/acp/article-pdf/1546/1/44/11557454/44_1_online.pdf,9fa93395a28da9526a2fd3baa75821fd302a037b02aae34a7194ed22e4aca259
IONDET-0184,Cir13,10.1063/1.4816605,下载成功,https://pubs.aip.org/aip/acp/article-pdf/1546/1/50/11557462/50_1_online.pdf,7801a29a703fe8b1d05619c6c181f233000694a282124dc10036cf4babfdb78d
IONDET-0210,Wu13,10.3788/hplpb20132502.0381,下载成功,https://www.opticsjournal.net/Articles/GetArticlePDF/OJb19adf6479520938,a32771a110afc510e8a106bc0f59afc480af23c6d3273896b8a424184616cee7
IONDET-0237,Xu12,10.7498/aps.61.105202,下载成功,https://wulixb.iphy.ac.cn/cn/article/pdf/preview/10.7498/aps.61.105202.pdf,43fff9e284de3121ad420cfc10cb14742e98d697b8d9158bb5d4e9ce558be38c
IONDET-0346,Ric11,10.1088/0031-9155/56/6/002,下载成功,https://iopscience.iop.org/article/10.1088/0031-9155/56/6/002/pdf,3c621b70d71e540278e061097a8c1868a74d657d3677a16befecec471b7f98bb
IONDET-0177,Pau11,10.1088/1748-0221/6/08/t08004,下载成功,https://iopscience.iop.org/article/10.1088/1748-0221/6/08/T08004/pdf,8df20e9942b11733d251db89bba4db6da07eb59e7229d32f1929b815203e21cb
IONDET-0169,Xu11,10.1088/0256-307x/28/9/095203,下载成功,https://iopscience.iop.org/article/10.1088/0256-307X/28/9/095203/pdf,0d5bd7b71d99cf4dfc18eab9ac1cf5fa2bca70cdbbf848722aab8b78e8e142ab
IONDET-0392,WEB_Fiorini2011,10.1088/0031-9155/56/21/013,下载成功,https://iopscience.iop.org/article/10.1088/0031-9155/56/21/013/pdf,ef736a3d11692193b5f905a70622b611705d149215999bd9653a5aaef5183653
IONDET-0186,Ryc10,10.1080/10420151003718808,下载成功,https://www.tandfonline.com/doi/pdf/10.1080/10420151003718808,a9f68bf8df9ec789f14d271c84e61a486fab4d00ffc035bd4c80293f96ef1ad2
IONDET-0034,Cho09b,10.1088/0957-0233/20/11/115112,下载成功,https://iopscience.iop.org/article/10.1088/0957-0233/20/11/115112/pdf,e645b1433611751b26223181e38f273dd8eeb3f4873d0e452e0da1dd3dcebf04
IONDET-0049,Rei13,10.1088/1748-0221/8/03/p03008,下载成功,https://iopscience.iop.org/article/10.1088/1748-0221/8/03/P03008/pdf,732892a579b156642937c7be523e4c66475283815916f5d3fe7f330f9bb3c54e
IONDET-0090,Sci22,10.1088/1748-0221/17/01/c01055,下载成功,https://iopscience.iop.org/article/10.1088/1748-0221/17/01/C01055/pdf,fe76769641abeda42c6ac2cd9edf2495d9ba8648c16bb547fe396ef16e0cb339
IONDET-0098,Gol21,10.1088/1748-0221/16/02/t02005,下载成功,https://iopscience.iop.org/article/10.1088/1748-0221/16/02/T02005/pdf,d1c6be7a16b018fd8a6225c7780a130b5be4d96cbc5c940e97403a0e8cf47fc6
IONDET-0246,Cav08,10.1080/10420150701777728,下载成功,https://www.tandfonline.com/doi/pdf/10.1080/10420150701777728,7d1f14c1e143fc7e8c5df36fcfd69d59c98668e1740f0422957fd0bb77b0c3ee
IONDET-0096,Nak06,10.1143/jjap.45.l913,下载成功,https://iopscience.iop.org/article/10.1143/JJAP.45.L913/pdf,d2748db2ebf3762d1d4880b68b8d12e7a552dea678160e20183ac125f695d96b
IONDET-0220,Mar18b,10.1063/5.0089402,下载成功,https://strathprints.strath.ac.uk/81215/1/Martin_etal_RSI_2022_Absolute_calibration_of_Fujifilm_BAS_TR_image_plate.pdf,fe2b867e0f295f7465b8550d2ac3180c93a5a9494750fc47eddd8206a9732c54
IONDET-0240,Bin18,10.1063/1.5086822,下载成功,https://escholarship.org/content/qt15m6d4hm/qt15m6d4hm.pdf,66cf0c7dadbb2d325a5f9c14a06b68f22a0899ac485d9a53e7184a6c82d310d5
IONDET-0208,Haf19b,,下载成功,https://edoc.ub.uni-muenchen.de/24979/1/Haffa_Daniel.pdf,8617d8d5b72cccf5dc03b087d6a650e50823544c70d0fe78a83e5fed24a9fa92
IONDET-0374,Rei12b,,下载成功,https://edoc.ub.uni-muenchen.de/15562/1/Reinhardt_Sabine.pdf,813125c69a293ffa86f279f057aaa4bd78279d8f70175bc9917034d75380611a
IONDET-0242,Szy03,10.1088/0741-3335/45/8/303,下载成功,https://iopscience.iop.org/article/10.1088/0741-3335/45/8/303/pdf,88d14043202b6dbc382004d974c4a7426086bb2a6999b962710e688496294ed5
IONDET-0327,Kir11b,,下载成功,http://etheses.bham.ac.uk/2816/1/Kirby11PhD.pdf,96b9f7b332c1c5755f7a9a4cf66cd215fd6acda1ebfed68ce9623e2a727aea8a
IONDET-0309,Kru02,10.1063/1.1470310,下载成功,https://pubs.aip.org/aip/acp/article-pdf/611/1/253/11515061/253_1_online.pdf,34fcbe4c364706327bc64ec0095f73d582bba0c83e1aedb4d2d26efc9867cbad
IONDET-0299,Ote19,10.3390/s19091971,下载成功,https://www.mdpi.com/1424-8220/19/9/1971/pdf,c05aa34d78e6bb412621eb2cdd347682adf14292a98fd78575ed131890851264
IONDET-0304,Ote18,10.3390/ecsa-5-05747,下载成功,https://www.mdpi.com/2504-3900/4/1/6/pdf,81783b5a408c662831052ec0c9df8dde34376d64ca31649e0ce7e605df3ab29e
IONDET-0286,Sei17,10.18429/jacow-cyclotrons2016-moe02,下载成功,http://jacow.org/cyclotrons2016/papers/moe02.pdf,ef0a3bab1c6208b07178385cf7189132a411ea9a6ace9ea4f51b7de29b6c8ec2
IONDET-0238,Bor16,,下载成功,http://accelconf.web.cern.ch/AccelConf/ibic2016/papers/mopg79.pdf,add2a1de5c679467a6a0e7772789e844ef2642baf590c3fccde098ee4fbe0de4
IONDET-0284,Kun14,10.18429/jacow-ipac2014-wepro082,下载成功,http://jacow.org/ipac2014/papers/wepro082.pdf,6108b2e9b13676de967a70858b1c0480c8155fa9aee4c8b0a1125c4947142f5a
IONDET-0236,Gut12,,下载成功,http://accelconf.web.cern.ch/AccelConf/BIW2010/papers/tupsm019.pdf,c99ce1f9deb061fc53b8b1925ecb6c9a47ac0b4fadd8bd8b90a790cf49c50d36
IONDET-0254,Fre10,10.1063/1.3606446,下载成功,https://pubs.aip.org/aip/rsi/article-pdf/doi/10.1063/1.3606446/16006727/073301_1_online.pdf,8f9b533d5a2d790ae8161ba11211ed2a1e0b173ff699b1e64bf11b3df8351b32
IONDET-0334,Yas08,10.1063/1.50384,下载成功,https://pubs.aip.org/aip/acp/article-pdf/369/1/1072/12192515/1072_1_online.pdf,bc536c6539160906d04d9cd4f4f1b1e46b578cb39d0540499671083d7bae4337
IONDET-0372,Doh19,10.1088/1742-6596/1289/1/012033,下载成功,https://iopscience.iop.org/article/10.1088/1742-6596/1289/1/012033/pdf,588d67b0cac5918083d8b7184201bd0841897f95c3073842ab3884fcb54dfc39
IONDET-0388,Bel17,10.1088/1748-0221/12/05/t05001,下载成功,https://iopscience.iop.org/article/10.1088/1748-0221/12/05/T05001/pdf,ee67d507d4a7c8070d2f54f6ed1ac2d1fe8ba3a1c2f457ebe6dbfd6bc53a83a2
IONDET-0349,Pom17,10.1103/physrevaccelbeams.20.032801,下载成功,http://link.aps.org/pdf/10.1103/PhysRevAccelBeams.20.032801,fb4ac9365d7d0931f49357c5b668db816bf6b786ba17e067ee758b00268d9c3a
IONDET-0343,Cir15c,10.3390/app5030427,下载成功,https://www.mdpi.com/2076-3417/5/3/427/pdf,1dd9bf8877c01276e8fb92fb4f3ed8418b3ea150b4979e509eed579f285e8856
IONDET-0266,Koc13,,下载成功,http://accelconf.web.cern.ch/AccelConf/IBIC2013/papers/mopf05.pdf,a85bd9937e3bb4c28a34baa7667a42c53a5f888ff788e9bec7677fe677817918
IONDET-0221,12-Jun,,下载成功,https://edoc.ub.uni-muenchen.de/14074/1/Jung_Daniel.pdf,cc248054d8f43fd45f42e260bd1cdeb2d1db38d988108984a01125b706ff2a12
IONDET-0211,Bor04,10.1103/physrevlett.92.055003,下载成功,https://journals.aps.org/prl/pdf/10.1103/PhysRevLett.92.055003,cb9e2586d19168eac708373d797d3ed0e4e89672a1611ace2ade34db4c6446c0
IONDET-0205,Cow04,10.1103/physrevlett.92.204801,下载成功,https://journals.aps.org/prl/pdf/10.1103/PhysRevLett.92.204801,2e729339cafb15fc796db1e61a1434aff65e3fe73a87d16746e03948e290ad41
IONDET-0378,Mck03,10.1103/physrevlett.91.075006,下载成功,https://journals.aps.org/prl/pdf/10.1103/PhysRevLett.91.075006,a569b846b901617f74846b9fb982ddec4b17ea52bcfb235fd64cd1856e55b702
IONDET-0376,Rot02,10.1103/physrevstab.5.061301,下载成功,http://link.aps.org/pdf/10.1103/PhysRevSTAB.5.061301,f7c99c915973bb52a6e6326862a87f03054228d931c3d7096ef607d85f134acd
IONDET-0366,Cho80,10.1088/0022-3735/13/10/014,下载成功,https://iopscience.iop.org/article/10.1088/0022-3735/13/10/014/pdf,0cc582cd634bb1af1d086cfa0020bf3d30ba9b3aa552b233057b0181ed829036
IONDET-0274,Tor20,10.1088/1748-0221/15/05/c05027,下载成功,https://iopscience.iop.org/article/10.1088/1748-0221/15/05/C05027/pdf,ddc3656e78a3e4f84e995a1d98b8a10c91204c529c542a08d49527098c423c40
IONDET-0185,Tor09,10.1080/10420150902811763,下载成功,https://www.tandfonline.com/doi/pdf/10.1080/10420150902811763,5e36f710a0bc3fa820d1ee4575001f943758b088eb221b4b43aea2ffc8c262a9
IONDET-0120,Pat08,10.1088/0957-0233/19/9/095301,下载成功,https://iopscience.iop.org/article/10.1088/0957-0233/19/9/095301/pdf,1dc90694240e785008545f0f3a319d6f2db9c7370df79f3b4fcaa5b539212a88
IONDET-0162,Ter05,10.1088/0022-3727/38/6/013,下载成功,https://iopscience.iop.org/article/10.1088/0022-3727/38/6/013/pdf,4a36f95bc3a6b8bc11671abf267eb2c4875d40aa7089e58d34d7b0bdda78f907
IONDET-0322,Tsu85,10.1143/jjap.24.1689,下载成功,https://iopscience.iop.org/article/10.1143/JJAP.24.1689/pdf,3db6bdb4123c3dd4ec5272a347c379826d4fd24ee98035f1b3ba556ddb7e33df
IONDET-0339,Gre25,10.3390/instruments9040025,下载成功,https://www.mdpi.com/2410-390X/9/4/25/pdf,3b9107f371f34dac94b24cf84e7d3c153cf49ae7912c8cb5005c28cc99006116
IONDET-0356,Mot24,10.1088/1361-6560/ad1cf5,下载成功,https://iopscience.iop.org/article/10.1088/1361-6560/ad1cf5/pdf,4702ef490c6f7d98fbb1dccc16df5c8bf3b5a6a0fdbe4bb4709bb7ded0a0d17e
IONDET-0361,Mot23b,10.1088/1361-6560/acdfb2,下载成功,https://iopscience.iop.org/article/10.1088/1361-6560/acdfb2/pdf,7f8147bf98c045f6869ba9900470bcdbb1f68866f8b1ac47ce72250445db01dd
IONDET-0310,Sug21,10.1063/5.0052363,下载成功,https://pubs.aip.org/aip/acp/article-pdf/doi/10.1063/5.0052363/14236146/050034_1_online.pdf,643b8c4370a8bc100241c6db5513573dc77427d603b9acb7fd20ed29b6560f29
IONDET-0363,Cai20,10.1088/1748-0221/15/02/t02001,下载成功,https://iopscience.iop.org/article/10.1088/1748-0221/15/02/T02001/pdf,acd9a5819aff68e96b1936c62e638c656591f54d14773839def289d7f9ade10a
IONDET-0289,Gub17,10.18429/jacow-rupac2016-thpsc047,下载成功,http://jacow.org/rupac2016/papers/thpsc047.pdf,5bfc066addb10f468e9e5ec58f48a82cfd230476af40dc760cb2c265b6b1c021
IONDET-0344,Nak17,10.1063/1.4975893,下载成功,https://pubs.aip.org/aip/acp/article-pdf/doi/10.1063/1.4975893/13736825/080007_1_online.pdf,fd78dbd1fed8f935ca2d8279bcfffdb39746063765ade4a697f5bf6ff62956b9
IONDET-0176,Ang16,10.1088/1748-0221/11/12/c12048,下载成功,https://iopscience.iop.org/article/10.1088/1748-0221/11/12/C12048/pdf,2dcdd21a98d5ca3f24188d291e4d5694e02f29b60bc3f9b35bf26d1639d6a07e
IONDET-0342,Don10,10.3788/hplpb20102212.2819,下载成功,https://www.opticsjournal.net/Articles/GetArticlePDF/OJb8e23dfe598c94cd,c8519635923d6543a9a8570f4ae2251b0f2a385fe5a7afa1a8f694c5d4494bc5
IONDET-0367,Bad80; Bad80b,10.1088/0022-3727/13/8/001,下载成功,https://iopscience.iop.org/article/10.1088/0022-3727/13/8/001/pdf,2af85225fd4d6aa05e7498020907c9d6e09215b9c4e3fde6ea2549b8dee89538
IONDET-0359,Jen23,10.1002/mp.16796,下载成功,https://aapm.onlinelibrary.wiley.com/action/downloadSupplement?doi=10.1002%2Fmp.16796&file=mp16796-sup-0006-SuppMat.pdf,c53c2c0abc35ef66c2560725bd78475583be73999154d56d94a0088a40a58410
IONDET-0305,Sch23b,10.1088/1361-6560/acd834,下载成功,https://iopscience.iop.org/article/10.1088/1361-6560/acd834/pdf,8bc3709eb38cfdd87e097eb67eff2d05b2850231b5f8b359f94d0ffdff48c7a1
IONDET-0355,Chr21,10.1088/1361-6560/abe554,下载成功,https://iopscience.iop.org/article/10.1088/1361-6560/abe554/pdf,3980a5eb0982e98421a54ce782903906084cee9d9afe73fe585895fec00ec0ec
IONDET-0278,Win21,10.1088/1361-6560/abfbf2,下载成功,https://iopscience.iop.org/article/10.1088/1361-6560/abfbf2/pdf,87a25fac96bce5eb64dc1773b54e0093abbfd7c800b54891b8382646c672c2dc
IONDET-0297,Las21,10.1088/1361-6560/ac215e,下载成功,https://iopscience.iop.org/article/10.1088/1361-6560/ac215e/pdf,7558a98867fa9b60e9acee3910905153632edff644d97bf60d5325b6247fceb5
IONDET-0293,Leh19b,10.1088/1742-6596/1154/1/012015,下载成功,https://iopscience.iop.org/article/10.1088/1742-6596/1154/1/012015/pdf,975e66b01a7cea61ec7f8203e03a95e2ed8d417babe5b83a40942ac89f679f7f
IONDET-0360,Tei18,10.1088/1748-0221/13/10/p10015,下载成功,https://iopscience.iop.org/article/10.1088/1748-0221/13/10/P10015/pdf,b643ae6e1da780149bb205da5ce437a74426061dcab4c8e1e20c4c80b0faf1fb
IONDET-0141,Kir10,10.1088/0031-9155/55/2/006,下载成功,https://iopscience.iop.org/article/10.1088/0031-9155/55/2/006/pdf,0049d82afbc83ecc34b43ecd4d6830ec7e1553b9297a12ce18cceacaab9abd57
IONDET-0290,Lor08,10.1088/0031-9155/53/13/008,下载成功,https://iopscience.iop.org/article/10.1088/0031-9155/53/13/008/pdf,42b6d63a29970c504965a37893e07127655d8910346870bc0954dbafab02bed1
IONDET-0276,Cam97; Cam97b,10.1088/0031-9155/42/6/014,下载成功,https://iopscience.iop.org/article/10.1088/0031-9155/42/6/014/pdf,71bc67386212ab9f2f8f28e9b418c79035063454f154687b71115601ec517c33
IONDET-0279,Gru95; Gru95b,10.1088/0031-9155/40/11/005,下载成功,https://iopscience.iop.org/article/10.1088/0031-9155/40/11/005/pdf,91eba07eb920064a0749b0661fabf3a2c3cf9bd481f50761005ee05b999f66ff
IONDET-0074,Sal20b,10.1088/1748-0221/15/10/c10002,下载成功,https://iopscience.iop.org/article/10.1088/1748-0221/15/10/C10002/pdf,72f3460228a885365e900526ae1c3d48a31dfa32f813edf8d114d50caad4f03c
IONDET-0041,Hua24,10.1109/tim.2024.3398120,下载成功,https://ieeexplore.ieee.org/stampPDF/getPDF.jsp?tp=&arnumber=10607997&ref=,4181f58c4dbe5f5b78350fa407daadc51b1ed484601f6962ff6aa5141cc89b7c
IONDET-0275,Nef08,10.1109/tps.2008.2002204,下载成功,https://ieeexplore.ieee.org/stampPDF/getPDF.jsp?tp=&arnumber=4663168&ref=,21ab9060e09d253193a9f83df6e71701240443c78a05ef96cc2aa02cb3635bb7
IONDET-0233,Bel15,10.1109/nssmic.2015.7581884,下载成功,https://ieeexplore.ieee.org/stampPDF/getPDF.jsp?tp=&arnumber=7581884&ref=,70192818b81d3a25e4959ac9feb9287f652ce9da5899455c24f1a15389f9fd1d
IONDET-0139,Bel13,10.1109/nssmic.2013.6829806,下载成功,https://ieeexplore.ieee.org/stampPDF/getPDF.jsp?tp=&arnumber=6829806&ref=,6da8e6f3fc788e0af6bcd0df968cd0856c2505c37a0e2201b6510630bff5b5c9
IONDET-0129,Sei13,10.1109/nssmic.2013.6829804,下载成功,https://ieeexplore.ieee.org/stampPDF/getPDF.jsp?tp=&arnumber=6829804&ref=,9c25ec6bf3a325ef75d6c9cb1a4d383b4df692fa1a7f9f7c45e9e925a9aa3d8d
IONDET-0229,Xu11b,10.1109/iceoe.2011.6013236,下载成功,https://ieeexplore.ieee.org/stampPDF/getPDF.jsp?tp=&arnumber=6013236&ref=,a36d3a05731c2f1c460f444c49d46ae049322e744d29eb0eaf95bd42f81d682f
IONDET-0277,Nef07,10.1109/ppps.2007.4346076,下载成功,https://ieeexplore.ieee.org/stampPDF/getPDF.jsp?tp=&arnumber=4346076&ref=,4d44fdd266f76d320ee96e37f35d81799bb562081ac7597a7531b1041f965423
IONDET-0308,Rui96,10.1109/plasma.1996.550248,下载成功,https://ieeexplore.ieee.org/stampPDF/getPDF.jsp?tp=&arnumber=550248&ref=,1ce85bc219a747297746a73034a3e259de6a375e3cd13f254cc4640457bc7d9d
IONDET-0316,Rui94,10.1109/plasma.1996.550248,下载成功,https://ieeexplore.ieee.org/stampPDF/getPDF.jsp?tp=&arnumber=550248&ref=,ea1df6d8c7230716a4376503ca4cd35eea0c94ee1c7e76a92c23407d592ef032
IONDET-0350,Fra22,10.1109/aac55212.2022.10822927,下载成功,https://ieeexplore.ieee.org/stampPDF/getPDF.jsp?tp=&arnumber=10822927&ref=,30b63da578c819c4ecd0838f26fa3cd1bbc054fa7cfb489c33912637d895e080
IONDET-0323,Ble13,10.1109/plasma.2011.5992949,下载成功,https://ieeexplore.ieee.org/stampPDF/getPDF.jsp?tp=&arnumber=5992949&ref=,50e995b654a316cb65b6f7ab6e4cc7d147de2571ddbd16a3b1151fd2d9b236c5
IONDET-0231,Nak07,,下载成功,https://cloudfront.escholarship.org/dist/prd/content/qt4w84x52q/qt4w84x52q.pdf,545ad5c1159a9f7461b2410d8c60ce4a9bad9de13bbe681f258763092cda9f21
IONDET-0051,Kan20b,10.1016/j.hedp.2020.100852,下载成功,https://www.sciencedirect.com/science/article/pii/S1574181820300926/pdfft?md5=9ec305c0d575d82e03f8af6bc43230f6&pid=1-s2.0-S1574181820300926-main.pdf,94e5694f20d982d2adb5cbfe105db1cd4610cf74dc346bb4d6d0e5914b8bb965
IONDET-0109,Asa19,10.1016/j.hedp.2019.04.002,下载成功,https://www.sciencedirect.com/science/article/pii/S1574181818300855/pdfft?md5=cef84d3e9b56f32da1c363506a2e6bd3&pid=1-s2.0-S1574181818300855-main.pdf,08db02e54430a719de560640986becd5011a690797cb9cc0ccbabe6981800d6c
IONDET-0145,Zhe26,10.1016/j.nima.2026.171418,下载成功,https://www.sciencedirect.com/science/article/pii/S0168900226001440/pdfft?md5=9593bf98484058a0a33564a295b4ee7c&pid=1-s2.0-S0168900226001440-main.pdf,fb2524d77367f4c7c3155b2b6905ad08f85ffd415645006cef305cc6e4ab72ce
IONDET-0080,Sei20,10.1016/j.ejmp.2020.06.005,下载成功,https://www.sciencedirect.com/science/article/pii/S1120179720301381/pdfft?md5=cb05d3af0ce5edde504deda85697901d&pid=1-s2.0-S1120179720301381-main.pdf,cae666b9ff4e388f014788a6b8e0cc4e9b71ab864be229582e8840cf1f7897db
IONDET-0386,Rom16,10.1016/j.nima.2016.01.064,下载成功,https://www.sciencedirect.com/science/article/pii/S0168900216000929/pdfft?md5=5d4d19ebf49a45d855ba613cd83d12f6&pid=1-s2.0-S0168900216000929-main.pdf,fd205667404033b8f44aa552ef0aa5a634eacbdc8e6b9778f5a3395cf7f5bc28
IONDET-0288,Cir15,10.1016/j.nima.2015.02.019,下载成功,https://www.sciencedirect.com/science/article/pii/S0168900215002004/pdfft?md5=56503b2c7266b19a66f077d19f6bddba&pid=1-s2.0-S0168900215002004-main.pdf,d88399c1a525b41ddb0876ac2ea3097977312ce34b295a77d12dab3594a0db94
IONDET-0159,Kan13,10.1016/j.radmeas.2012.10.009,下载成功,https://www.sciencedirect.com/science/article/pii/S1350448712003046/pdfft?md5=94886c33ee7ffd416a41a39454bde6db&pid=1-s2.0-S1350448712003046-main.pdf,ef196558812e08d02a623f73a7a2304838f6ec6a0546f5b9a54206358e0c1633
IONDET-0273,Rei12,10.1016/s0167-8140(12)70043-9,下载成功,https://www.sciencedirect.com/science/article/pii/S0167814012700439/pdfft?md5=e1974cbc5beb37f985fc0ef9dd201dac&pid=1-s2.0-S0167814012700439-main.pdf,5ddff407bfa3004b7adfaced2239c36a34021fb1e61cfe679cb42993bf3b23ab
IONDET-0271,12-Mar,10.1016/j.apsusc.2012.05.142,下载成功,https://www.sciencedirect.com/science/article/pii/S016943321201001X/pdfft?md5=c3a90dc79df62dbd8cb300e2965a8992&pid=1-s2.0-S016943321201001X-main.pdf,c4dc492ef22bba70286687fe8fad6dabb744ec51d6acb3c4c13e1a7a8a80aa69
IONDET-0084,Car10b,10.1016/j.nima.2010.01.054,下载成功,https://www.sciencedirect.com/science/article/pii/S0168900210001221/pdfft?md5=0abacd8fe307c35e2d7e528c4e845858&pid=1-s2.0-S0168900210001221-main.pdf,fdce752b458e026ab525b1a7555b1f9c17d3ae59152c6b1a5e9f4e045b6f74c3
IONDET-0318,Cla08b,10.1016/j.nima.2007.11.015,下载成功,https://www.sciencedirect.com/science/article/pii/S0168900207023467/pdfft?md5=58e82f71e85c49c90cfdd971c478d6ca&pid=1-s2.0-S0168900207023467-main.pdf,cd745e5ed3a8cdc710c9ac11ea6775d8a706f3a0695304875167790763de7154
IONDET-0315,Fio10,10.1016/j.radmeas.2010.06.018,下载成功,https://www.sciencedirect.com/science/article/pii/S135044871000209X/pdfft?md5=8f309ec95994f1384b45e44df7019cdf&pid=1-s2.0-S135044871000209X-main.pdf,3f9f9a752b2c1bf6541032dd4fb3e4075113a9f92686f3619d18f8ccd747a9e1
IONDET-0143,Szy09,10.1016/j.radmeas.2009.08.008,下载成功,https://www.sciencedirect.com/science/article/pii/S1350448709001516/pdfft?md5=7a3c15f4eef04b5815fbfddd154004ad&pid=1-s2.0-S1350448709001516-main.pdf,ed783c90c433dc1096b1c87bf7babdfed562f85e80eb029c66315d8100599893
IONDET-0311,Cla08,10.1016/j.nima.2007.11.015,下载成功,https://www.sciencedirect.com/science/article/pii/S0168900207023467/pdfft?md5=58e82f71e85c49c90cfdd971c478d6ca&pid=1-s2.0-S0168900207023467-main.pdf,5a063bca250e0ac4d77074bd93cd982866188be3012df53978244835c044cee2
IONDET-0225,Yan17,10.1016/j.nima.2017.03.063,下载成功,https://www.sciencedirect.com/science/article/pii/S0168900217304205/pdfft?md5=52781f31cf7fc9b454a558091b63ca28&pid=1-s2.0-S0168900217304205-main.pdf,c2bb2e6a9151aba62605316c431db61c0fbe864339271d4c4beb31c6b7bed697
IONDET-0287,Sch24b,10.1016/j.nima.2024.169411,下载成功,https://www.sciencedirect.com/science/article/pii/S0168900224003371/pdfft?md5=e04215d92de4787e6493cb8eae6a65d3&pid=1-s2.0-S0168900224003371-main.pdf,0b5eebcedda738289ad79a2476a12de6edadbdb72ef3835ef72b1dbf8f6672e2
IONDET-0285,Ehw23,10.1002/mp.16464,下载成功,https://pdg.lbl.gov/2019/reviews/rpp2018-rev-passage-particles-matter.pdf,14af648ec0465dfb401a35b73ca80cc20f1ac0d8095c0df64b5d0d1756c62f78
IONDET-0144,Ten19,10.1016/j.nima.2019.04.041,下载成功,https://www.sciencedirect.com/science/article/pii/S0168900219304978/pdfft?md5=95375728908db620dfebcb5e0c185280&pid=1-s2.0-S0168900219304978-main.pdf,f3aa0cedf06fb095a43dff4cb57a599d63ac303dd1c69216867cfd7c7e1c01ad
IONDET-0036,Pra10,10.1016/j.nima.2010.02.078,下载成功,https://www.sciencedirect.com/science/article/pii/S0168900210002767/pdfft?md5=6b3ff51b28b8404cef776e2ebe9b5ab6&pid=1-s2.0-S0168900210002767-main.pdf,919d59843aa13f471556a9fbb18728bc741f0a633cecdbfa7b02b58f72f7a008
IONDET-0048,Bre04b,10.1016/j.nima.2003.11.199,下载成功,https://www.sciencedirect.com/science/article/pii/S0168900203031449/pdfft?md5=9c147f663e39586872156e75f282b051&pid=1-s2.0-S0168900203031449-main.pdf,b9782b2b157e3da6fd156caec0453580f8093f5c2b4838ab339bc8126244c406
IONDET-0380,Koj03,10.1016/j.radphyschem.2003.02.001,下载成功,https://www.sciencedirect.com/science/article/pii/S0969806X03005140/pdfft?md5=a079555f8cd2116ff649ef2fd8e686e8&pid=1-s2.0-S0969806X03005140-main.pdf,b74bacdbaa7cfcf3b5430bc080ca00eee8b7a0a30f1250470ce66eab0aa11b79
IONDET-0223,Zha25,10.1002/mp.17926,下载成功,https://onlinelibrary.wiley.com/doi/pdfdirect/10.1002/mp.17926?download=true,a17a550b425f37ca36f73dcfde2c733fca66eefce7c1864b8059fb157c3ee0a9
IONDET-0292,Ass15,10.1118/1.4905047,下载成功,https://aapm.onlinelibrary.wiley.com/doi/pdfdirect/10.1118/1.4905047?download=true,6ca31ae080cc48467821176b2979258f498438124c9d15077797bb7b6f50e0be
IONDET-0352,Kar12b,10.1118/1.3700400,下载成功,https://aapm.onlinelibrary.wiley.com/doi/pdfdirect/10.1118/1.3700400?download=true,e516fd7d97e66848ebdcb9e8bcf33a8188e5a4a8670cf19d4918d833cbc94b80
IONDET-0353,Gua26,10.1002/mp.70556,下载成功,https://aapm.onlinelibrary.wiley.com/doi/pdfdirect/10.1002/mp.70556?download=true,84b8d8badc39810644efb4066fe0ddb3cb933cd02d8103450391b43ab5a783fb
IONDET-0239,Kau15,10.1117/12.2179354,下载成功,https://www.spiedigitallibrary.org/doi/pdf/10.1117/12.2179354 (手动),25e56f677dee053febb2e3eb92cbeca2094a69167258e27b8fc8dd14809a20a5
IONDET-0321,Das08,,未找到PDF入口,,
IONDET-0235,Lef25,10.1117/12.3056290,下载成功,https://www.spiedigitallibrary.org/doi/pdf/10.1117/12.3056290 (手动),45021291e0e72aafed938061c253c083e6ca19ec704920a2fc2a5e7f3446f614
IONDET-0338,Cir25,10.1117/12.3056335,未找到PDF入口,,
IONDET-0200,Ill21,,未找到PDF入口,,
IONDET-0232,Win20,,下载成功,"https://kb.osu.edu (OSU Honors Thesis, 手动)",a4b53e9a0704f2324804266751334db49ba5d1ae52b6b2b8ce348d806d087a68
IONDET-0216,Mil18,,未找到PDF入口,,
IONDET-0213,Tud17,,未找到PDF入口,,
IONDET-0264,Can17,10.1285/i9788883051302p23,未找到PDF入口,,
IONDET-0207,Kan16,,未找到PDF入口,,
IONDET-0247,Roj15,,未找到PDF入口,,
IONDET-0270,Tor15,10.1285/i9788883051081p69,未找到PDF入口,,
IONDET-0340,Cir15b,,未找到PDF入口,,
IONDET-0209,Dep14,10.15120/gr-2014-1-pni-pp-12,无落地页,,
IONDET-0268,Ass14,,未找到PDF入口,,
IONDET-0212,Cut13c,,未找到PDF入口,,
IONDET-0194,Pad13,,未找到PDF入口,,
IONDET-0215,Coo13,,未找到PDF入口,,
IONDET-0197,Cir13b,,未找到PDF入口,,
IONDET-0234,Coo12,,未找到PDF入口,,
IONDET-0175,Gre11b,,未找到PDF入口,,
IONDET-0131,Pla09,,未找到PDF入口,,
IONDET-0259,Gre09,,未找到PDF入口,,
IONDET-0245,Mal08,,未找到PDF入口,,
IONDET-0193,Sch08,,未找到PDF入口,,
IONDET-0187,Nur07,,未找到PDF入口,,
IONDET-0153,Lee07,10.3938/jkps.51.426,未找到PDF入口,,
IONDET-0148,Bre04,10.1017/s0263034604040030,下载成功,https://sci-hub.ee/10.1017/s0263034604040030,c12828d40cabef37a0b84cb2384c6f4d953b9fa374ed824094d0fb6cb9290c4c
IONDET-0248,Fle00,,未找到PDF入口,,
IONDET-0178,Kac84,,未找到PDF入口,,
IONDET-0249,Ceg80,,未找到PDF入口,,
IONDET-0306,Par15,10.1142/s0217732315400258,下载成功,https://sci-hub.ee/10.1142/s0217732315400258,e412f42d4629553d247f1df0cfe5eb2de94378954cb7aefa680d45dc10ab5f1a
IONDET-0391,WEB_Rossomme2012,10.1118/1.4735204,未找到PDF入口,,
IONDET-0244,Szy03b,10.1615/hightempmatproc.v7.i4.110,无落地页,,
IONDET-0280,Mao00,,未找到PDF入口,,
IONDET-0250,Sad98,10.1615/hightempmatproc.v7.i4.110,未找到PDF入口,,
IONDET-0158,Val19,10.1117/12.2520178,未找到PDF入口,,
IONDET-0329,Sel18,,未找到PDF入口,,
IONDET-0330,Car17,,未找到PDF入口,,
IONDET-0181,Aur11,,未找到PDF入口,,
IONDET-0257,Bor10,,未找到PDF入口,,
IONDET-0332,Laz05,,未找到PDF入口,,
IONDET-0217,Bor02,10.1017/s0263034602202177,下载成功,https://sci-hub.ee/10.1017/s0263034602202177,e1f6622b49b44d00abb7d67b64281b52a0a5781dac391229dedd376ff7f686fb
IONDET-0243,Pik16; Pik16b,10.1134/s0018151x16030160,下载成功,https://sci-hub.ee/10.1134/s0018151x16030160,e5796fd3bbccd18f72081ec66975babe0ad36fea2f071bcb83724a570faee0e9
IONDET-0173,Kra16,,未找到PDF入口,,
IONDET-0328,Cla15,,未找到PDF入口,,
IONDET-0267,Cla18,,未找到PDF入口,,
IONDET-0251,Ang15,,未找到PDF入口,,
IONDET-0269,Cip12,,未找到PDF入口,,
