下载分组,下一步,记录ID,来源编号,题名,发现题名,发表年份_登记或来源,发现年份,作者_可能缩写,期刊或会议,DOI,DOI入口,无DOI存档入口,书目核验,相关性分级,相关性判定说明,测量方法线索,探测介质线索,全部专题线索,题名检出专题,摘要提及专题_不等于实际使用,分类依据等级,检索命中分支,调研来源,发现来源页面,优先核对代表,下载状态,本地PDF,PDF_SHA256,入库paper_id,正式PDF入口候选_未验证,疑似版本或重复需核对,备注,科学审核状态,调研日期
未下载,本轮尚未尝试下载,IONDET-0239,Kau15,Radiochromic film diagnostics for laser-driven ion beams,Radiochromic film diagnostics for laser-driven ion beams,2015,2015,J. Kaufman; D. Margarone; G. Candiano; I.J. Kim; T. M. Jeong; J. P?ikal; F. Romano; P. Cirrone; V. Scuderi; G. Korn,SPIE Proceedings; Research Using Extreme Light: Entering New Frontiers with Petawatt-Class Lasers II,10.1117/12.2179354,https://doi.org/10.1117/12.2179354,,verified_crossref,A_激光离子诊断直接相关候选,题名聚焦诊断且题名/摘要有激光离子线索；不代表已审核实验场景,,RCF/放射变色膜,RCF/放射变色膜,RCF/放射变色膜,,仅题名/明确人工核对说明,activation_calorimetry; emulsion_gas_luminescence; rcf; review_references,targeted_search_20261004,https://api.crossref.org/works/10.1117%2F12.2179354,是_候选非gold,not_download_attempted_in_this_survey,,,,,,专题标签仅为题名/摘要线索，不证明论文实际使用该器件；不同场景配置不得继承,本次未做全文科学审核,2026/10/4
未下载,本轮尚未尝试下载,IONDET-0321,Das08,Diagnostics for laser plasma acceleration of ions,Diagnostics for laser plasma acceleration of ions,2008,2008,"R. Daskalova, ..., and A. Maksimchuk",Bulletin of the American Physical Society,,,https://www.semanticscholar.org/paper/e6990f678a9963fb88446242e1e6bb57b5e16336,no_publication_doi_pending_identity,A_激光离子诊断直接相关候选,题名聚焦诊断且题名/摘要有激光离子线索；不代表已审核实验场景,,,,,,仅题名/明确人工核对说明,activation_calorimetry; emp_reconstruction; emulsion_gas_luminescence,targeted_search_20261004,,是_候选非gold,not_download_attempted_in_this_survey,,,,,,专题标签仅为题名/摘要线索，不证明论文实际使用该器件；不同场景配置不得继承；未确认出版DOI；预印本/报告/会议与正式版关系待核对,本次未做全文科学审核,2026/10/4
未下载,本轮尚未尝试下载,IONDET-0235,Lef25,Advanced scintillator stack detectors for real-time analysis of energetic x-rays and proton bunches from laser-driven plasmas,Advanced scintillator stack detectors for real-time analysis of energetic x-rays and proton bunches from laser-driven plasmas,2025,2025,Benoit Lefebvre; Valeria Istokskaia; Helena Lefebvre; Francesco Schillaci; Filip Grepl; Maksym Tryus; Andriy Velyhan; Roberto Versaci; Pablo G. Cirrone; Giada Petringa; Veronika Ol?ovcová; Lorenzo Giuffrida,Research Using Extreme Light Infrastructures: New Frontiers with Petawatt-Level Lasers VI,10.1117/12.3056290,https://doi.org/10.1117/12.3056290,,verified_crossref,A_激光离子诊断直接相关候选,题名聚焦诊断且题名/摘要有激光离子线索；不代表已审核实验场景,,闪烁体/闪烁纤维/堆栈与断层,闪烁体/闪烁纤维/堆栈与断层,闪烁体/闪烁纤维/堆栈与断层,,仅题名/明确人工核对说明,scintillator,targeted_search_20261004,https://api.crossref.org/works/10.1117%2F12.3056290,否,not_download_attempted_in_this_survey,,,,,,专题标签仅为题名/摘要线索，不证明论文实际使用该器件；不同场景配置不得继承,本次未做全文科学审核,2026/10/4
未下载,本轮尚未尝试下载,IONDET-0338,Cir25,First dosimetric commissioning of a 20 MeV laser-driven proton beam at the ELIMAIA-ELIMED facility,First dosimetric commissioning of a 20 MeV laser-driven proton beam at the ELIMAIA-ELIMED facility,2025,2025,Pablo G. Cirrone; Giada Petringa; Roberto Catalano; Alfio Domenico Pappalardo; Giacomo Cuttone; Mariacristina Guarrera; Pavel Bláha; Francesco Schillaci; Filip Grepl; Maksym Tryus; Valeriia Istokskaia; Lorenzo Giuffrida; Daniele Margarone; Alma Kurmanova,Research Using Extreme Light Infrastructures: New Frontiers with Petawatt-Level Lasers VI,10.1117/12.3056335,https://doi.org/10.1117/12.3056335,,verified_crossref,A_激光离子诊断直接相关候选,题名聚焦诊断且题名/摘要有激光离子线索；不代表已审核实验场景,,,,,,仅题名/明确人工核对说明,charge_laser,targeted_search_20261004,https://api.crossref.org/works/10.1117%2F12.3056335,否,not_download_attempted_in_this_survey,,,,,,专题标签仅为题名/摘要线索，不证明论文实际使用该器件；不同场景配置不得继承,本次未做全文科学审核,2026/10/4
未下载,先确认文献身份再找全文,IONDET-0200,Ill21,Modelling Tomographic Reconstruction using Scintillator Fibres for active proton imaging,Modelling Tomographic Reconstruction using Scintillator Fibres for active proton imaging,2021,2021,,,,,https://www.semanticscholar.org/paper/51fc1e1f6a1904793d6114fdc62ea10b78f20ea8,no_publication_doi_pending_identity,A_激光离子诊断直接相关候选,题名聚焦诊断且题名/摘要有激光离子线索；不代表已审核实验场景,,闪烁体/闪烁纤维/堆栈与断层,闪烁体/闪烁纤维/堆栈与断层; 标定/反演/饱和与EMP抗扰,闪烁体/闪烁纤维/堆栈与断层; 标定/反演/饱和与EMP抗扰,闪烁体/闪烁纤维/堆栈与断层; 标定/反演/饱和与EMP抗扰,题名及可用摘要线索,,previous_224,,否,needs_identity_and_fulltext,,,,,,专题标签仅为题名/摘要线索，不证明论文实际使用该器件；不同场景配置不得继承；未确认出版DOI；预印本/报告/会议与正式版关系待核对,本次未做全文科学审核,2026/10/4
未下载,本轮尚未尝试下载,IONDET-0232,Win20,Development of a new Thomson parabola spectrometer for analysis of laser accelerated ions,Development of a new Thomson parabola spectrometer for analysis of laser accelerated ions,2020,2020,C. Winter,Unknown Journal,,,https://www.semanticscholar.org/paper/4952f426541a402f1c5a1ee9d469ac7328c33d9e,no_publication_doi_pending_identity,A_激光离子诊断直接相关候选,题名聚焦诊断且题名/摘要有激光离子线索；不代表已审核实验场景,汤姆逊抛物线/电磁联合能谱仪,,汤姆逊抛物线/电磁联合能谱仪,汤姆逊抛物线/电磁联合能谱仪,,仅题名/明确人工核对说明,thomson,targeted_search_20261004,,否,not_download_attempted_in_this_survey,,,,,,专题标签仅为题名/摘要线索，不证明论文实际使用该器件；不同场景配置不得继承；未确认出版DOI；预印本/报告/会议与正式版关系待核对,本次未做全文科学审核,2026/10/4
未下载,先确认文献身份再找全文,IONDET-0216,Mil18,TOF-based diagnosis of high-energy laser-accelerated protons using diamond detectors,TOF-based diagnosis of high-energy laser-accelerated protons using diamond detectors,2018,2018,,,,,https://www.semanticscholar.org/paper/0acc268b0dddf30a9f5d3fc618349b69859e0620,no_publication_doi_pending_identity,A_激光离子诊断直接相关候选,题名聚焦诊断且题名/摘要有激光离子线索；不代表已审核实验场景,静电能量分析器/阻滞场与离子探针; 飞行时间TOF/时间分辨; 法拉第杯/ICT/电离室及电荷剂量监测,半导体/金刚石/SiC/Si及像素探测,静电能量分析器/阻滞场与离子探针; 飞行时间TOF/时间分辨; 半导体/金刚石/SiC/Si及像素探测; 法拉第杯/ICT/电离室及电荷剂量监测,飞行时间TOF/时间分辨; 半导体/金刚石/SiC/Si及像素探测,静电能量分析器/阻滞场与离子探针; 飞行时间TOF/时间分辨; 半导体/金刚石/SiC/Si及像素探测; 法拉第杯/ICT/电离室及电荷剂量监测,题名及可用摘要线索,semiconductor; tof,previous_224,,否,needs_identity_and_fulltext,,,,,,专题标签仅为题名/摘要线索，不证明论文实际使用该器件；不同场景配置不得继承；未确认出版DOI；预印本/报告/会议与正式版关系待核对；CCD/CMOS光学读出与直接半导体离子探测角色须全文区分,本次未做全文科学审核,2026/10/4
未下载,先确认文献身份再找全文,IONDET-0213,Tud17,THE DESIGN OF A PROTON SPECTROMETER FOR 60-200 MeV ENERGY RANGE,THE DESIGN OF A PROTON SPECTROMETER FOR 60-200 MeV ENERGY RANGE,2017,2017,,,,,https://www.semanticscholar.org/paper/1066b1b4300eb6604a6ca1e75e241ec69b028b2b,no_publication_doi_pending_identity,A_激光离子诊断直接相关候选,题名聚焦诊断且题名/摘要有激光离子线索；不代表已审核实验场景,汤姆逊抛物线/电磁联合能谱仪,,汤姆逊抛物线/电磁联合能谱仪,,汤姆逊抛物线/电磁联合能谱仪,题名及可用摘要线索,,previous_224,,否,needs_identity_and_fulltext,,,,,,专题标签仅为题名/摘要线索，不证明论文实际使用该器件；不同场景配置不得继承；未确认出版DOI；预印本/报告/会议与正式版关系待核对,本次未做全文科学审核,2026/10/4
未下载,本轮尚未尝试下载,IONDET-0264,Can17,Structure of semiconductor detectors for characterization of ionizing radiation sources,Structure of semiconductor detectors for characterization of ionizing radiation sources,2016,2017,"Cannavò, A.; Torrisi, L.; Calcagno, L.; Sciuto, A.","Unknown Journal, pp. 23-27",10.1285/i9788883051302p23,https://doi.org/10.1285/i9788883051302p23,,verified_datacite,A_激光离子诊断直接相关候选,题名聚焦诊断且题名/摘要有激光离子线索；不代表已审核实验场景,飞行时间TOF/时间分辨,半导体/金刚石/SiC/Si及像素探测,飞行时间TOF/时间分辨; 半导体/金刚石/SiC/Si及像素探测,半导体/金刚石/SiC/Si及像素探测,飞行时间TOF/时间分辨; 半导体/金刚石/SiC/Si及像素探测,题名及可用摘要线索,semiconductor,targeted_search_20261004,https://api.datacite.org/dois/10.1285%2Fi9788883051302p23,否,not_download_attempted_in_this_survey,,,,,,专题标签仅为题名/摘要线索，不证明论文实际使用该器件；不同场景配置不得继承；CCD/CMOS光学读出与直接半导体离子探测角色须全文区分,本次未做全文科学审核,2026/10/4
未下载,先确认文献身份再找全文,IONDET-0207,Kan16,The precise measurement of laser-accelerated ions using CR-39 detectors,The precise measurement of laser-accelerated ions using CR-39 detectors,2016,2016,,,,,https://www.semanticscholar.org/paper/04ab7f081e4a7074ee59cc295efa7e97572e9edd,no_publication_doi_pending_identity,A_激光离子诊断直接相关候选,题名聚焦诊断且题名/摘要有激光离子线索；不代表已审核实验场景,,CR-39/PADC/PM-355及固体蚀刻径迹,CR-39/PADC/PM-355及固体蚀刻径迹,CR-39/PADC/PM-355及固体蚀刻径迹,,仅题名/明确人工核对说明,,previous_224,,否,needs_identity_and_fulltext,,,,,,专题标签仅为题名/摘要线索，不证明论文实际使用该器件；不同场景配置不得继承；未确认出版DOI；预印本/报告/会议与正式版关系待核对,本次未做全文科学审核,2026/10/4
未下载,本轮尚未尝试下载,IONDET-0247,Roj15,Impact of x-ray dose on the response of CR-39 nuclear track detector to 1-5.5 MeV alphas and 0.5-9.1 MeV protons for spectroscopy at the OMEGA Laser Facility and the National Ignition Facility,Impact of x-ray dose on the response of CR-39 nuclear track detector to 1-5.5 MeV alphas and 0.5-9.1 MeV protons for spectroscopy at the OMEGA Laser Facility and the National Ignition Facility,2015,2015,Jimmy Rojas,Unknown Journal,,,https://www.semanticscholar.org/paper/e925806414684f922468d46d7fb1a6bcade05bca,no_publication_doi_pending_identity,A_激光离子诊断直接相关候选,题名聚焦诊断且题名/摘要有激光离子线索；不代表已审核实验场景,,CR-39/PADC/PM-355及固体蚀刻径迹,CR-39/PADC/PM-355及固体蚀刻径迹,CR-39/PADC/PM-355及固体蚀刻径迹,,仅题名/明确人工核对说明,tracks,targeted_search_20261004,,否,not_download_attempted_in_this_survey,,,,,,专题标签仅为题名/摘要线索，不证明论文实际使用该器件；不同场景配置不得继承；未确认出版DOI；预印本/报告/会议与正式版关系待核对,本次未做全文科学审核,2026/10/4
未下载,本轮尚未尝试下载,IONDET-0270,Tor15,SiC detectors for fast diagnostic of high intensity laser-generated plasmas,SiC detectors for fast diagnostic of high intensity laser-generated plasmas,2015,2015,"Torrisi, L.; Cannavò, A.; Calcagno, L.; Torrisi, A.","Unknown Journal, pp. 69-73",10.1285/i9788883051081p69,https://doi.org/10.1285/i9788883051081p69,,verified_datacite,A_激光离子诊断直接相关候选,题名聚焦诊断且题名/摘要有激光离子线索；不代表已审核实验场景,飞行时间TOF/时间分辨,半导体/金刚石/SiC/Si及像素探测,飞行时间TOF/时间分辨; 半导体/金刚石/SiC/Si及像素探测,半导体/金刚石/SiC/Si及像素探测,飞行时间TOF/时间分辨; 半导体/金刚石/SiC/Si及像素探测,题名及可用摘要线索,semiconductor,targeted_search_20261004,https://api.datacite.org/dois/10.1285%2Fi9788883051081p69,否,not_download_attempted_in_this_survey,,,,,,专题标签仅为题名/摘要线索，不证明论文实际使用该器件；不同场景配置不得继承；CCD/CMOS光学读出与直接半导体离子探测角色须全文区分,本次未做全文科学审核,2026/10/4
未下载,本轮尚未尝试下载,IONDET-0340,Cir15b,Transport and dosimetry solutions for laser driven beams : the ELIMED beam line,Transport and dosimetry solutions for laser driven beams : the ELIMED beam line,2015,2015,"G. Cirrone, ..., and C. Vaglianisi",Unknown Journal,,,https://www.semanticscholar.org/paper/b56dbef5dc87488de4615f09733867ea9409564d,no_publication_doi_pending_identity,A_激光离子诊断直接相关候选,题名聚焦诊断且题名/摘要有激光离子线索；不代表已审核实验场景,,,,,,题名及可用摘要线索,charge_laser,targeted_search_20261004,,否,not_download_attempted_in_this_survey,,,,,,专题标签仅为题名/摘要线索，不证明论文实际使用该器件；不同场景配置不得继承；未确认出版DOI；预印本/报告/会议与正式版关系待核对,本次未做全文科学审核,2026/10/4
未下载,待寻找公开全文,IONDET-0209,Dep14,Coloration quenching of radiochromic films irradiated with proton energies close to maximum energy loss,Coloration quenching of radiochromic films irradiated with proton energies close to maximum energy loss,2014,2014,,,10.15120/gr-2014-1-pni-pp-12,https://doi.org/10.15120/gr-2014-1-pni-pp-12,,verified_datacite,A_激光离子诊断直接相关候选,题名聚焦诊断且题名/摘要有激光离子线索；不代表已审核实验场景,,RCF/放射变色膜,RCF/放射变色膜; 标定/反演/饱和与EMP抗扰,RCF/放射变色膜; 标定/反演/饱和与EMP抗扰,RCF/放射变色膜; 标定/反演/饱和与EMP抗扰,题名及可用摘要线索,rcf,previous_224,https://api.datacite.org/dois/10.15120/gr-2014-1-pni-pp-12,否,needs_public_fulltext,,,,,,专题标签仅为题名/摘要线索，不证明论文实际使用该器件；不同场景配置不得继承,本次未做全文科学审核,2026/10/4
未下载,本轮尚未尝试下载,IONDET-0268,Ass14,Detectors for laser-accelerated ion beams?,Detectors for laser-accelerated ion beams?,2014,2014,"W. Assmann, ..., and K. Parodi",Unknown Journal,,,https://www.semanticscholar.org/paper/07ab9781801fa87a20eafaf4e04ab23115201dfa,no_publication_doi_pending_identity,A_激光离子诊断直接相关候选,题名聚焦诊断且题名/摘要有激光离子线索；不代表已审核实验场景,,闪烁体/闪烁纤维/堆栈与断层; RCF/放射变色膜; CR-39/PADC/PM-355及固体蚀刻径迹; 成像板IP/PSL; 半导体/金刚石/SiC/Si及像素探测,闪烁体/闪烁纤维/堆栈与断层; RCF/放射变色膜; CR-39/PADC/PM-355及固体蚀刻径迹; 成像板IP/PSL; 半导体/金刚石/SiC/Si及像素探测; 标定/反演/饱和与EMP抗扰,,闪烁体/闪烁纤维/堆栈与断层; RCF/放射变色膜; CR-39/PADC/PM-355及固体蚀刻径迹; 成像板IP/PSL; 半导体/金刚石/SiC/Si及像素探测; 标定/反演/饱和与EMP抗扰,题名及可用摘要线索,emulsion_gas_luminescence; semiconductor,targeted_search_20261004,,否,not_download_attempted_in_this_survey,,,,,,专题标签仅为题名/摘要线索，不证明论文实际使用该器件；不同场景配置不得继承；未确认出版DOI；预印本/报告/会议与正式版关系待核对；CCD/CMOS光学读出与直接半导体离子探测角色须全文区分,本次未做全文科学审核,2026/10/4
未下载,先确认文献身份再找全文,IONDET-0212,Cut13c,Diagnostics of fast plasmas produced by intense laser pulses,Diagnostics of fast plasmas produced by intense laser pulses,2013,2013,,,,,https://www.semanticscholar.org/paper/98ddf315d4957057cbb0fdc6db7b13cb0fdf2722,no_publication_doi_pending_identity,A_激光离子诊断直接相关候选,题名聚焦诊断且题名/摘要有激光离子线索；不代表已审核实验场景,汤姆逊抛物线/电磁联合能谱仪; 飞行时间TOF/时间分辨,微通道板MCP及倍增读出; 半导体/金刚石/SiC/Si及像素探测,汤姆逊抛物线/电磁联合能谱仪; 飞行时间TOF/时间分辨; 微通道板MCP及倍增读出; 半导体/金刚石/SiC/Si及像素探测,,汤姆逊抛物线/电磁联合能谱仪; 飞行时间TOF/时间分辨; 微通道板MCP及倍增读出; 半导体/金刚石/SiC/Si及像素探测,题名及可用摘要线索,,previous_224,,否,needs_identity_and_fulltext,,,,,,专题标签仅为题名/摘要线索，不证明论文实际使用该器件；不同场景配置不得继承；未确认出版DOI；预印本/报告/会议与正式版关系待核对；CCD/CMOS光学读出与直接半导体离子探测角色须全文区分,本次未做全文科学审核,2026/10/4
未下载,先确认文献身份再找全文,IONDET-0194,Pad13,Improvements in Thomson Parabola studies : a new ImageJ script for spectral energy analysis and measurements using a double Image Plate detector,Improvements in Thomson Parabola studies : a new ImageJ script for spectral energy analysis and measurements using a double Image Plate detector,2013,2013,,,,,https://www.semanticscholar.org/paper/9086212593936e767966ba8e6e3f66ad68daeaa7,no_publication_doi_pending_identity,A_激光离子诊断直接相关候选,题名聚焦诊断且题名/摘要有激光离子线索；不代表已审核实验场景,汤姆逊抛物线/电磁联合能谱仪,成像板IP/PSL,汤姆逊抛物线/电磁联合能谱仪; 成像板IP/PSL,汤姆逊抛物线/电磁联合能谱仪; 成像板IP/PSL,汤姆逊抛物线/电磁联合能谱仪; 成像板IP/PSL,题名及可用摘要线索,imageplate,previous_224,,否,needs_identity_and_fulltext,,,,,,专题标签仅为题名/摘要线索，不证明论文实际使用该器件；不同场景配置不得继承；未确认出版DOI；预印本/报告/会议与正式版关系待核对,本次未做全文科学审核,2026/10/4
未下载,先确认文献身份再找全文,IONDET-0215,Coo13,Investigating the response of scintillators for the detection of laser accelerated protons,Investigating the response of scintillators for the detection of laser accelerated protons,2013,2013,,,,,https://www.semanticscholar.org/paper/fffd3e5d56d72226322873b76d512aecdd6b0119,no_publication_doi_pending_identity,A_激光离子诊断直接相关候选,题名聚焦诊断且题名/摘要有激光离子线索；不代表已审核实验场景,,闪烁体/闪烁纤维/堆栈与断层,闪烁体/闪烁纤维/堆栈与断层,闪烁体/闪烁纤维/堆栈与断层,,仅题名/明确人工核对说明,scintillator,previous_224,,否,needs_identity_and_fulltext,,,,,,专题标签仅为题名/摘要线索，不证明论文实际使用该器件；不同场景配置不得继承；未确认出版DOI；预印本/报告/会议与正式版关系待核对,本次未做全文科学审核,2026/10/4
未下载,先确认文献身份再找全文,IONDET-0197,Cir13b,Measurements with an innovative high energy resolution Thomson Parabola Spectrometer,Measurements with an innovative high energy resolution Thomson Parabola Spectrometer,2013,2013,,,,,https://www.semanticscholar.org/paper/bd6a55d4eb0ad033c454e17bdd2174beeb3ae8e7,no_publication_doi_pending_identity,A_激光离子诊断直接相关候选,题名聚焦诊断且题名/摘要有激光离子线索；不代表已审核实验场景,汤姆逊抛物线/电磁联合能谱仪,,汤姆逊抛物线/电磁联合能谱仪,汤姆逊抛物线/电磁联合能谱仪,汤姆逊抛物线/电磁联合能谱仪,题名及可用摘要线索,charge_laser,previous_224,,否,needs_identity_and_fulltext,,,,,,专题标签仅为题名/摘要线索，不证明论文实际使用该器件；不同场景配置不得继承；未确认出版DOI；预印本/报告/会议与正式版关系待核对,本次未做全文科学审核,2026/10/4
未下载,本轮尚未尝试下载,IONDET-0234,Coo12,Comparison of scintillators for single shot imaging of laser accelerated proton beams,Comparison of scintillators for single shot imaging of laser accelerated proton beams,2012,2012,N. Cook,Bulletin of the American Physical Society,,,https://www.semanticscholar.org/paper/6c34bfdc3b5870326a2e5077ec00997cef452d22,no_publication_doi_pending_identity,A_激光离子诊断直接相关候选,题名聚焦诊断且题名/摘要有激光离子线索；不代表已审核实验场景,,闪烁体/闪烁纤维/堆栈与断层,闪烁体/闪烁纤维/堆栈与断层,闪烁体/闪烁纤维/堆栈与断层,,仅题名/明确人工核对说明,scintillator,targeted_search_20261004,,否,not_download_attempted_in_this_survey,,,,,,专题标签仅为题名/摘要线索，不证明论文实际使用该器件；不同场景配置不得继承；未确认出版DOI；预印本/报告/会议与正式版关系待核对,本次未做全文科学审核,2026/10/4
未下载,先确认文献身份再找全文,IONDET-0175,Gre11b,Characterisation of plastic scintillators for detection of laser-accelerated protons,Characterisation of plastic scintillators for detection of laser-accelerated protons,2011,2011,,,,,https://www.semanticscholar.org/paper/34575feee24556211f796810315061120520dc58,no_publication_doi_pending_identity,A_激光离子诊断直接相关候选,题名聚焦诊断且题名/摘要有激光离子线索；不代表已审核实验场景,,闪烁体/闪烁纤维/堆栈与断层; RCF/放射变色膜,闪烁体/闪烁纤维/堆栈与断层; RCF/放射变色膜; 标定/反演/饱和与EMP抗扰,闪烁体/闪烁纤维/堆栈与断层,RCF/放射变色膜; 标定/反演/饱和与EMP抗扰,题名及可用摘要线索,,previous_224,,否,needs_identity_and_fulltext,,,,,,专题标签仅为题名/摘要线索，不证明论文实际使用该器件；不同场景配置不得继承；未确认出版DOI；预印本/报告/会议与正式版关系待核对,本次未做全文科学审核,2026/10/4
未下载,先确认文献身份再找全文,IONDET-0131,Pla09,Characterization of laser induced proton beams with radiochromic films: comparison between optical densitometry and nuclear activation analyses.,Characterization of laser induced proton beams with radiochromic films: comparison between optical densitometry and nuclear activation analyses.,2009,2009,,,,,https://www.semanticscholar.org/paper/61bae1e69a7f650ece243498fd4d687801b3c202,no_publication_doi_pending_identity,A_激光离子诊断直接相关候选,题名聚焦诊断且题名/摘要有激光离子线索；不代表已审核实验场景,核活化/核反应间接离子诊断,RCF/放射变色膜,RCF/放射变色膜; 核活化/核反应间接离子诊断; 标定/反演/饱和与EMP抗扰,RCF/放射变色膜; 核活化/核反应间接离子诊断,RCF/放射变色膜; 核活化/核反应间接离子诊断; 标定/反演/饱和与EMP抗扰,题名及可用摘要线索,activation_calorimetry; rcf,previous_224,,否,needs_identity_and_fulltext,,,,,,专题标签仅为题名/摘要线索，不证明论文实际使用该器件；不同场景配置不得继承；未确认出版DOI；预印本/报告/会议与正式版关系待核对,本次未做全文科学审核,2026/10/4
未下载,本轮尚未尝试下载,IONDET-0259,Gre09,Multi-channel system for imaging laser accelerated proton beams,Multi-channel system for imaging laser accelerated proton beams,2009,2009,"J. Green, ..., and J. Schreiber",Unknown Journal,,,https://www.semanticscholar.org/paper/218a2d40ccedc4244752fc56a8794c6abe50f343,no_publication_doi_pending_identity,A_激光离子诊断直接相关候选,题名聚焦诊断且题名/摘要有激光离子线索；不代表已审核实验场景,,,,,,题名及可用摘要线索,mcp,targeted_search_20261004,,否,not_download_attempted_in_this_survey,,,,,,专题标签仅为题名/摘要线索，不证明论文实际使用该器件；不同场景配置不得继承；未确认出版DOI；预印本/报告/会议与正式版关系待核对,本次未做全文科学审核,2026/10/4
未下载,本轮尚未尝试下载,IONDET-0245,Mal08,Calibration and applications of modern track detectors CR-39/PM-355 in nuclear physics and high temperature plasma experiments,Calibration and applications of modern track detectors CR-39/PM-355 in nuclear physics and high temperature plasma experiments,2008,2008,"A. Malinowska, ..., and J. ?ebrowski",Nukleonika,,,https://www.semanticscholar.org/paper/b5a8d632e7a9621c35fedda33055705c6a66eac8,no_publication_doi_pending_identity,A_激光离子诊断直接相关候选,题名聚焦诊断且题名/摘要有激光离子线索；不代表已审核实验场景,,CR-39/PADC/PM-355及固体蚀刻径迹,CR-39/PADC/PM-355及固体蚀刻径迹; 标定/反演/饱和与EMP抗扰,CR-39/PADC/PM-355及固体蚀刻径迹; 标定/反演/饱和与EMP抗扰,CR-39/PADC/PM-355及固体蚀刻径迹; 标定/反演/饱和与EMP抗扰,题名及可用摘要线索,tracks,targeted_search_20261004,,否,not_download_attempted_in_this_survey,,,,,,专题标签仅为题名/摘要线索，不证明论文实际使用该器件；不同场景配置不得继承；未确认出版DOI；预印本/报告/会议与正式版关系待核对,本次未做全文科学审核,2026/10/4
未下载,先确认文献身份再找全文,IONDET-0193,Sch08,Interpretation of laser-produced ion beam diagnostics using the PTRACE code,Interpretation of laser-produced ion beam diagnostics using the PTRACE code,2008,2008,,,,,https://www.semanticscholar.org/paper/53b2e3c010f1e26af1e1b5e8411d88d2ecb2fa85,no_publication_doi_pending_identity,A_激光离子诊断直接相关候选,题名聚焦诊断且题名/摘要有激光离子线索；不代表已审核实验场景,,RCF/放射变色膜,RCF/放射变色膜,,RCF/放射变色膜,题名及可用摘要线索,,previous_224,,否,needs_identity_and_fulltext,,,,,,专题标签仅为题名/摘要线索，不证明论文实际使用该器件；不同场景配置不得继承；未确认出版DOI；预印本/报告/会议与正式版关系待核对,本次未做全文科学审核,2026/10/4
未下载,先确认文献身份再找全文,IONDET-0187,Nur07,3-D reconstruction of a laser accelerated proton beam using micro-structured target foils and radiochromic film detectors,3-D reconstruction of a laser accelerated proton beam using micro-structured target foils and radiochromic film detectors,2007,2007,,,,,https://www.semanticscholar.org/paper/fe333bbb48a2364a2d525eca72e89333209b5e78,no_publication_doi_pending_identity,A_激光离子诊断直接相关候选,题名聚焦诊断且题名/摘要有激光离子线索；不代表已审核实验场景,,RCF/放射变色膜,RCF/放射变色膜; 标定/反演/饱和与EMP抗扰,RCF/放射变色膜; 标定/反演/饱和与EMP抗扰,,题名及可用摘要线索,rcf,previous_224,,否,needs_identity_and_fulltext,,,,,,专题标签仅为题名/摘要线索，不证明论文实际使用该器件；不同场景配置不得继承；未确认出版DOI；预印本/报告/会议与正式版关系待核对,本次未做全文科学审核,2026/10/4
未下载,待寻找公开全文,IONDET-0153,Lee07,Study on the Tracks in a Nuclear Track Detector (CR39) for Detection of Laser-Induced Charged Particles,Study on the Tracks in a Nuclear Track Detector (CR39) for Detection of Laser-Induced Charged Particles,2007,2007,Ji Young Lee; Jae Heung Jo; Seong Hee Park; Kitae Lee; Yong Woo Lee; Kwon-Hae Yea; Yong Ho Cha; Young Uk Jeong,Journal of the Korean Physical Society,10.3938/jkps.51.426,https://doi.org/10.3938/jkps.51.426,,verified,A_激光离子诊断直接相关候选,题名聚焦诊断且题名/摘要有激光离子线索；不代表已审核实验场景,,CR-39/PADC/PM-355及固体蚀刻径迹,CR-39/PADC/PM-355及固体蚀刻径迹,CR-39/PADC/PM-355及固体蚀刻径迹,CR-39/PADC/PM-355及固体蚀刻径迹,题名及可用摘要线索,,previous_224,https://api.crossref.org/works/10.3938%2Fjkps.51.426,否,needs_public_fulltext,,,,,,专题标签仅为题名/摘要线索，不证明论文实际使用该器件；不同场景配置不得继承,本次未做全文科学审核,2026/10/4
未下载,待寻找公开全文,IONDET-0148,Bre04,Spectral and angular characterization of laser-produced proton beams from dosimetric measurements,Spectral and angular characterization of laser-produced proton beams from dosimetric measurements,2004,2004,E. BRESCHI; M. BORGHESI; D. H. CAMPBELL; M. GALIMBERTI; D. GIULIETTI; L. A. GIZZI; L. ROMAGNANI; A. SCHIAVI; O. WILLI,Laser and Particle Beams,10.1017/s0263034604040030,https://doi.org/10.1017/s0263034604040030,,verified,A_激光离子诊断直接相关候选,题名聚焦诊断且题名/摘要有激光离子线索；不代表已审核实验场景,,,,,,题名及可用摘要线索,,previous_224,https://api.crossref.org/works/10.1017%2Fs0263034604040030,否,needs_public_fulltext,,,,,,专题标签仅为题名/摘要线索，不证明论文实际使用该器件；不同场景配置不得继承,本次未做全文科学审核,2026/10/4
未下载,本轮尚未尝试下载,IONDET-0248,Fle00,CR-39 Track Detector Calibrations for ICF Experiments,CR-39 Track Detector Calibrations for ICF Experiments,2000,2000,"K. Fletcher, ..., and C. Sorce",Unknown Journal,,,https://www.semanticscholar.org/paper/b55d003ee7bfbd334a96654456de8c200e443bb9,no_publication_doi_pending_identity,A_激光离子诊断直接相关候选,题名聚焦诊断且题名/摘要有激光离子线索；不代表已审核实验场景,,CR-39/PADC/PM-355及固体蚀刻径迹,CR-39/PADC/PM-355及固体蚀刻径迹; 标定/反演/饱和与EMP抗扰,CR-39/PADC/PM-355及固体蚀刻径迹; 标定/反演/饱和与EMP抗扰,,仅题名/明确人工核对说明,tracks,targeted_search_20261004,,否,not_download_attempted_in_this_survey,,,,,,专题标签仅为题名/摘要线索，不证明论文实际使用该器件；不同场景配置不得继承；未确认出版DOI；预印本/报告/会议与正式版关系待核对,本次未做全文科学审核,2026/10/4
未下载,先确认文献身份再找全文,IONDET-0178,Kac84,Modified Thomson Parabola Ion Spectrometers for Use in Laser Generated Plasma Experiments.,Modified Thomson Parabola Ion Spectrometers for Use in Laser Generated Plasma Experiments.,1984,1984,,,,,https://www.semanticscholar.org/paper/c8726ed73090e976b57a6c3c489b7aeec95513f3,no_publication_doi_pending_identity,A_激光离子诊断直接相关候选,题名聚焦诊断且题名/摘要有激光离子线索；不代表已审核实验场景,汤姆逊抛物线/电磁联合能谱仪,CR-39/PADC/PM-355及固体蚀刻径迹; 微通道板MCP及倍增读出,汤姆逊抛物线/电磁联合能谱仪; CR-39/PADC/PM-355及固体蚀刻径迹; 微通道板MCP及倍增读出,汤姆逊抛物线/电磁联合能谱仪,汤姆逊抛物线/电磁联合能谱仪; CR-39/PADC/PM-355及固体蚀刻径迹; 微通道板MCP及倍增读出,题名及可用摘要线索,electrostatic_laser,previous_224,,否,needs_identity_and_fulltext,,,,,,专题标签仅为题名/摘要线索，不证明论文实际使用该器件；不同场景配置不得继承；未确认出版DOI；预印本/报告/会议与正式版关系待核对,本次未做全文科学审核,2026/10/4
未下载,本轮尚未尝试下载,IONDET-0249,Ceg80,Solid state track detectors in the inertial confinement fusion program at LLL. [CR-39 and cellulose nitrate detectors],Solid state track detectors in the inertial confinement fusion program at LLL. [CR-39 and cellulose nitrate detectors],1980,1980,"N. Ceglio, E. V. Benton",Unknown Journal,,,https://www.semanticscholar.org/paper/4f85974c50898e7b16266e030196bec9be3d816b,no_publication_doi_pending_identity,A_激光离子诊断直接相关候选,题名聚焦诊断且题名/摘要有激光离子线索；不代表已审核实验场景,,CR-39/PADC/PM-355及固体蚀刻径迹,CR-39/PADC/PM-355及固体蚀刻径迹,CR-39/PADC/PM-355及固体蚀刻径迹,CR-39/PADC/PM-355及固体蚀刻径迹,题名及可用摘要线索,tracks,targeted_search_20261004,,否,not_download_attempted_in_this_survey,,,,,,专题标签仅为题名/摘要线索，不证明论文实际使用该器件；不同场景配置不得继承；未确认出版DOI；预印本/报告/会议与正式版关系待核对,本次未做全文科学审核,2026/10/4
未下载,本轮尚未尝试下载,IONDET-0306,Par15,Ionoacoustics: A new direct method for range verification,Ionoacoustics: A new direct method for range verification,2015,2015,Katia Parodi; Walter Assmann,Modern Physics Letters A,10.1142/s0217732315400258,https://doi.org/10.1142/s0217732315400258,,verified_crossref,B_一般离子标定与可借鉴,一般离子探测/标定可借鉴；未确认激光离子实验,离子声学/超声及Bragg峰声学监测,,离子声学/超声及Bragg峰声学监测,离子声学/超声及Bragg峰声学监测,离子声学/超声及Bragg峰声学监测,题名及可用摘要线索,acoustic,targeted_search_20261004,https://api.crossref.org/works/10.1142%2Fs0217732315400258,否,not_download_attempted_in_this_survey,,,,,,专题标签仅为题名/摘要线索，不证明论文实际使用该器件；不同场景配置不得继承,本次未做全文科学审核,2026/10/4
未下载,本轮尚未尝试下载,IONDET-0391,WEB_Rossomme2012,SU‐E‐T‐146: Reference Dosimetry for Protons and Light‐Ion Beams Based on Graphite Calorimetry,SU-E-T-146: Reference Dosimetry for Protons and Light-Ion Beams Based on Graphite Calorimetry,2012,2012,S Rossomme; H Palmans; R Thomas; N Lee; M Bailey; D Shipley; L Al‐Sulaiti; P Cirrone; F Romano; A Kacperek; D Bertrand; S Vynckier,Medical Physics,10.1118/1.4735204,https://doi.org/10.1118/1.4735204,,verified_crossref,B_一般离子标定与可借鉴,传统质子与轻离子石墨量热参考剂量学；会议摘要，不是激光离子实测证据,量热/吸收剂量绝对测量,,量热/吸收剂量绝对测量,量热/吸收剂量绝对测量,,仅题名/明确人工核对说明,web_dosimetry_review_references,primary_review_reference_check,https://www.frontiersin.org/journals/physics/articles/10.3389/fphy.2021.624963/full,否,not_download_attempted_in_this_survey,,,,https://api.wiley.com/onlinelibrary/tdm/v1/articles/10.1118%2F1.4735204,,专题标签仅为题名/摘要线索，不证明论文实际使用该器件；不同场景配置不得继承,本次未做全文科学审核,2026/10/4
未下载,本轮尚未尝试下载,IONDET-0244,Szy03b,CALIBRATION AND APPLICATION OF CR-39 TYPE NUCLEAR TRACK DETECTORS IN PLASMA FOCUS AND OTHER PLASMA EXPERIMENTS,CALIBRATION AND APPLICATION OF CR-39 TYPE NUCLEAR TRACK DETECTORS IN PLASMA FOCUS AND OTHER PLASMA EXPERIMENTS,2003,2003,A. Szydlowski; A. Banaszak; Marek Sadowski; M. Scholz,High Temperature Material Processes (An International Quarterly of High-Technology Plasma Processes),10.1615/hightempmatproc.v7.i4.110,https://doi.org/10.1615/hightempmatproc.v7.i4.110,,verified_crossref,B_一般离子标定与可借鉴,一般离子探测/标定可借鉴；未确认激光离子实验,,CR-39/PADC/PM-355及固体蚀刻径迹,CR-39/PADC/PM-355及固体蚀刻径迹; 标定/反演/饱和与EMP抗扰,CR-39/PADC/PM-355及固体蚀刻径迹; 标定/反演/饱和与EMP抗扰,,仅题名/明确人工核对说明,tracks,targeted_search_20261004,https://api.crossref.org/works/10.1615%2Fhightempmatproc.v7.i4.110,否,not_download_attempted_in_this_survey,,,,,,专题标签仅为题名/摘要线索，不证明论文实际使用该器件；不同场景配置不得继承,本次未做全文科学审核,2026/10/4
未下载,本轮尚未尝试下载,IONDET-0280,Mao00,A Faraday Cup for Measuring 100MeV Protons,A Faraday Cup for Measuring 100MeV Protons,2000,2000,"Rui-Shi Mao, Guo-Qing Xiao",Unknown Journal,,,https://www.semanticscholar.org/paper/70a4882829820eeaf6e15fde393ce0e4c1c3e644,no_publication_doi_pending_identity,B_一般离子标定与可借鉴,一般离子探测/标定可借鉴；未确认激光离子实验,法拉第杯/ICT/电离室及电荷剂量监测,,法拉第杯/ICT/电离室及电荷剂量监测,法拉第杯/ICT/电离室及电荷剂量监测,,仅题名/明确人工核对说明,charge_dose,targeted_search_20261004,,否,not_download_attempted_in_this_survey,,,,,,专题标签仅为题名/摘要线索，不证明论文实际使用该器件；不同场景配置不得继承；未确认出版DOI；预印本/报告/会议与正式版关系待核对,本次未做全文科学审核,2026/10/4
未下载,本轮尚未尝试下载,IONDET-0250,Sad98,CALIBRATION AND APPLICATION OF NUCLEAR TRACK DETECTORS FOR HIGH-TEMPERATURE PLASMA DIAGNOSTICS,CALIBRATION AND APPLICATION OF NUCLEAR TRACK DETECTORS FOR HIGH-TEMPERATURE PLASMA DIAGNOSTICS,1998,1998,"M. Sadowski, ..., and A. Korman",Unknown Journal,,,https://www.semanticscholar.org/paper/05a7dd85401f9689f1472b3ddf618de7273585b9,no_publication_doi_pending_identity,B_一般离子标定与可借鉴,一般离子探测/标定可借鉴；未确认激光离子实验,,CR-39/PADC/PM-355及固体蚀刻径迹,CR-39/PADC/PM-355及固体蚀刻径迹; 标定/反演/饱和与EMP抗扰,标定/反演/饱和与EMP抗扰,CR-39/PADC/PM-355及固体蚀刻径迹; 标定/反演/饱和与EMP抗扰,题名及可用摘要线索,tracks,targeted_search_20261004,,否,not_download_attempted_in_this_survey,,,,,,专题标签仅为题名/摘要线索，不证明论文实际使用该器件；不同场景配置不得继承；未确认出版DOI；预印本/报告/会议与正式版关系待核对,本次未做全文科学审核,2026/10/4
未下载,待寻找公开全文,IONDET-0158,Val19,The laser-driven ion acceleration beamline on the ALLS 200 TW for testing nanowire targets,The laser-driven ion acceleration beamline on the ALLS 200 TW for testing nanowire targets,2019,2019,Simon Vallières; Pilar Puyuelo Valdés; Martina Salvadori; Charles Bienvenue; Stéphane Payeur; Emmanuel d'Humières; Patrizio Antici,"Laser Acceleration of Electrons, Protons, and Ions V",10.1117/12.2520178,https://doi.org/10.1117/12.2520178,,verified,C_应用背景或方法支撑,激光离子应用或物理研究中的诊断线索；并非探测器专论,汤姆逊抛物线/电磁联合能谱仪; 飞行时间TOF/时间分辨,RCF/放射变色膜; 微通道板MCP及倍增读出,汤姆逊抛物线/电磁联合能谱仪; 飞行时间TOF/时间分辨; RCF/放射变色膜; 微通道板MCP及倍增读出; 标定/反演/饱和与EMP抗扰,,汤姆逊抛物线/电磁联合能谱仪; 飞行时间TOF/时间分辨; RCF/放射变色膜; 微通道板MCP及倍增读出; 标定/反演/饱和与EMP抗扰,题名及可用摘要线索,,previous_224,https://api.crossref.org/works/10.1117%2F12.2520178,否,needs_public_fulltext,,,,,,专题标签仅为题名/摘要线索，不证明论文实际使用该器件；不同场景配置不得继承,本次未做全文科学审核,2026/10/4
未下载,本轮尚未尝试下载,IONDET-0329,Sel18,Time-dependant Nyquist limited Fourier transform analysis of electromagnetic pulse data,Time-dependant Nyquist limited Fourier transform analysis of electromagnetic pulse data,2018,2018,"M. Selwood, ..., and D. Neely",Unknown Journal,,,https://www.semanticscholar.org/paper/3340f35e84222d92a06788cb524195962102322a,no_publication_doi_pending_identity,C_应用背景或方法支撑,激光设施EMP/电子学方法支撑；不等于离子探测实验,,,标定/反演/饱和与EMP抗扰,标定/反演/饱和与EMP抗扰,标定/反演/饱和与EMP抗扰,题名及可用摘要线索,emp_reconstruction,targeted_search_20261004,,否,not_download_attempted_in_this_survey,,,,,,专题标签仅为题名/摘要线索，不证明论文实际使用该器件；不同场景配置不得继承；未确认出版DOI；预印本/报告/会议与正式版关系待核对,本次未做全文科学审核,2026/10/4
未下载,本轮尚未尝试下载,IONDET-0330,Car17,"Effects of Pulse Duration, Energy and Target Type on the frequencies of Electromagnetic Pulses in a Petawatt laser system","Effects of Pulse Duration, Energy and Target Type on the frequencies of Electromagnetic Pulses in a Petawatt laser system",2017,2017,"D. Carroll, M. Bone, D. Neely",Unknown Journal,,,https://www.semanticscholar.org/paper/e3dfb7713e4174820ab8ba05339115206c6f8896,no_publication_doi_pending_identity,C_应用背景或方法支撑,激光设施EMP/电子学方法支撑；不等于离子探测实验,,,标定/反演/饱和与EMP抗扰,标定/反演/饱和与EMP抗扰,标定/反演/饱和与EMP抗扰,题名及可用摘要线索,emp_reconstruction,targeted_search_20261004,,否,not_download_attempted_in_this_survey,,,,,,专题标签仅为题名/摘要线索，不证明论文实际使用该器件；不同场景配置不得继承；未确认出版DOI；预印本/报告/会议与正式版关系待核对,本次未做全文科学审核,2026/10/4
未下载,先确认文献身份再找全文,IONDET-0181,Aur11,Development and Test of New Thomson-Parabolas for Laser-Ion-Acceleration,Development and Test of New Thomson-Parabolas for Laser-Ion-Acceleration,2011,2011,,,,,https://www.semanticscholar.org/paper/6944e6557bd505aea7e1c1d9657b144c7ab1d036,no_publication_doi_pending_identity,C_应用背景或方法支撑,激光离子应用或物理研究中的诊断线索；并非探测器专论,汤姆逊抛物线/电磁联合能谱仪,成像板IP/PSL,汤姆逊抛物线/电磁联合能谱仪; 成像板IP/PSL; 标定/反演/饱和与EMP抗扰,汤姆逊抛物线/电磁联合能谱仪,汤姆逊抛物线/电磁联合能谱仪; 成像板IP/PSL; 标定/反演/饱和与EMP抗扰,题名及可用摘要线索,,previous_224,,否,needs_identity_and_fulltext,,,,,,专题标签仅为题名/摘要线索，不证明论文实际使用该器件；不同场景配置不得继承；未确认出版DOI；预印本/报告/会议与正式版关系待核对,本次未做全文科学审核,2026/10/4
未下载,本轮尚未尝试下载,IONDET-0257,Bor10,Radiation Pressure effects on ion Acceleration on the GEMINI laser Contact :,Radiation Pressure effects on ion Acceleration on the GEMINI laser Contact :,2010,2010,"M. Borghesi, ..., and Z. Najmudin",Unknown Journal,,,https://www.semanticscholar.org/paper/b9711b291589ecb38664f1ca967dfb4908edf29d,no_publication_doi_pending_identity,C_应用背景或方法支撑,激光离子应用或物理研究中的诊断线索；并非探测器专论,汤姆逊抛物线/电磁联合能谱仪,CR-39/PADC/PM-355及固体蚀刻径迹; 微通道板MCP及倍增读出,汤姆逊抛物线/电磁联合能谱仪; CR-39/PADC/PM-355及固体蚀刻径迹; 微通道板MCP及倍增读出; 标定/反演/饱和与EMP抗扰,,汤姆逊抛物线/电磁联合能谱仪; CR-39/PADC/PM-355及固体蚀刻径迹; 微通道板MCP及倍增读出; 标定/反演/饱和与EMP抗扰,题名及可用摘要线索,mcp,targeted_search_20261004,,否,not_download_attempted_in_this_survey,,,,,,专题标签仅为题名/摘要线索，不证明论文实际使用该器件；不同场景配置不得继承；未确认出版DOI；预印本/报告/会议与正式版关系待核对,本次未做全文科学审核,2026/10/4
未下载,本轮尚未尝试下载,IONDET-0332,Laz05,Electromagnetic pulse suppression in laser plasma interaction experiments on the Vulcan Petawatt laser,Electromagnetic pulse suppression in laser plasma interaction experiments on the Vulcan Petawatt laser,2005,2005,"J. Lazarus, P. Nilson",Unknown Journal,,,https://www.semanticscholar.org/paper/92c5ca5b871b2c5488b22b0400ca4eec928ea85a,no_publication_doi_pending_identity,C_应用背景或方法支撑,激光设施EMP/电子学方法支撑；不等于离子探测实验,,,标定/反演/饱和与EMP抗扰,标定/反演/饱和与EMP抗扰,标定/反演/饱和与EMP抗扰,题名及可用摘要线索,emp_reconstruction,targeted_search_20261004,,否,not_download_attempted_in_this_survey,,,,,,专题标签仅为题名/摘要线索，不证明论文实际使用该器件；不同场景配置不得继承；未确认出版DOI；预印本/报告/会议与正式版关系待核对,本次未做全文科学审核,2026/10/4
未下载,待寻找公开全文,IONDET-0217,Bor02,Laser-produced protons and their application as a particle probe,Laser-produced protons and their application as a particle probe,2002,2002,M. BORGHESI; D.H. CAMPBELL; A. SCHIAVI; O. WILLI; A.J. MACKINNON; D. HICKS; P. PATEL; L.A. GIZZI; M. GALIMBERTI; R.J. CLARKE,Laser and Particle Beams,10.1017/s0263034602202177,https://doi.org/10.1017/s0263034602202177,,verified,C_应用背景或方法支撑,激光离子应用或物理研究中的诊断线索；并非探测器专论,,,,,,题名及可用摘要线索,,previous_224,https://api.crossref.org/works/10.1017%2Fs0263034602202177,否,needs_public_fulltext,,,,,,专题标签仅为题名/摘要线索，不证明论文实际使用该器件；不同场景配置不得继承,本次未做全文科学审核,2026/10/4
未下载,本轮尚未尝试下载,IONDET-0243,Pik16; Pik16b,Solid-state track detectors in laser plasma investigations,Solid-state track detectors in laser plasma investigations,2016,2016,S. A. Pikuz; I. Yu. Skobelev; A. Ya. Faenov; Ya. S. Lavrinenko; V. S. Belyaev; V. Yi. Kliushnikov; A. P. Matafonov; A. S. Rusetskiy; S. N. Ryazantsev; A. V. Bakhmutova,High Temperature,10.1134/s0018151x16030160,https://doi.org/10.1134/s0018151x16030160,,verified_crossref,D_相关性或身份待核对,尚缺明确的激光离子或离子标定相关性证据,,CR-39/PADC/PM-355及固体蚀刻径迹,CR-39/PADC/PM-355及固体蚀刻径迹,CR-39/PADC/PM-355及固体蚀刻径迹,,仅题名/明确人工核对说明,tracks,targeted_search_20261004,https://api.crossref.org/works/10.1134%2Fs0018151x16030160,是_候选非gold,not_download_attempted_in_this_survey,,,,https://link.springer.com/content/pdf/10.1134/S0018151X16030160.pdf; https://link.springer.com/content/pdf/10.1134/S0018151X16030160.pdf,,专题标签仅为题名/摘要线索，不证明论文实际使用该器件；不同场景配置不得继承,本次未做全文科学审核,2026/10/4
未下载,先确认文献身份再找全文,IONDET-0173,Kra16,Plasma Physics and Technology,Plasma Physics and Technology,2016,2016,,,,,https://www.semanticscholar.org/paper/6e1ac3e5ea1007dfaa1031bbcefca435295459f4,no_publication_doi_pending_identity,D_相关性或身份待核对,发现题名疑似刊名；摘要相关但需原刊身份核对,静电能量分析器/阻滞场与离子探针; 飞行时间TOF/时间分辨; 法拉第杯/ICT/电离室及电荷剂量监测,半导体/金刚石/SiC/Si及像素探测,静电能量分析器/阻滞场与离子探针; 飞行时间TOF/时间分辨; 半导体/金刚石/SiC/Si及像素探测; 法拉第杯/ICT/电离室及电荷剂量监测; 标定/反演/饱和与EMP抗扰,,静电能量分析器/阻滞场与离子探针; 飞行时间TOF/时间分辨; 半导体/金刚石/SiC/Si及像素探测; 法拉第杯/ICT/电离室及电荷剂量监测; 标定/反演/饱和与EMP抗扰,题名及可用摘要线索,tof,previous_224,,否,needs_identity_and_fulltext,,,,,,专题标签仅为题名/摘要线索，不证明论文实际使用该器件；不同场景配置不得继承；未确认出版DOI；预印本/报告/会议与正式版关系待核对；CCD/CMOS光学读出与直接半导体离子探测角色须全文区分,本次未做全文科学审核,2026/10/4
未下载,本轮尚未尝试下载,IONDET-0328,Cla15,GEMpix detector: A new diagnostic for Laser Produced Plasmas monitoring,GEMpix detector: A new diagnostic for Laser Produced Plasmas monitoring,2015,2015,"G. Claps, ..., and F. Murtas",Unknown Journal,,,https://www.semanticscholar.org/paper/23656bab97eef96c42d782c29f77d90cd06fc80f,no_publication_doi_pending_identity,D_相关性或身份待核对,缺摘要，GEMpix激光等离子体监测的实际被测粒子需核对,,气体/GEM与微图案气体读出（需核对粒子种类）,气体/GEM与微图案气体读出（需核对粒子种类）,气体/GEM与微图案气体读出（需核对粒子种类）,,仅题名/明确人工核对说明,emulsion_gas_luminescence; gas_laser,targeted_search_20261004,,否,not_download_attempted_in_this_survey,,,,,,专题标签仅为题名/摘要线索，不证明论文实际使用该器件；不同场景配置不得继承；未确认出版DOI；预印本/报告/会议与正式版关系待核对,本次未做全文科学审核,2026/10/4
未下载,本轮尚未尝试下载,IONDET-0267,Cla18,"Timepix chip interface detectors for X-rays , gammas and electrons monitor on Laser Produced Plasmas","Timepix chip interface detectors for X-rays , gammas and electrons monitor on Laser Produced Plasmas",2018,2018,"G. Claps, ..., and G. Gatti",Unknown Journal,,,https://www.semanticscholar.org/paper/f372a7ee54f26dffb34f81e040b9ca1d919253af,no_publication_doi_pending_identity,E_范围外候选,Timepix监测X射线/gamma/电子,,半导体/金刚石/SiC/Si及像素探测; 气体/GEM与微图案气体读出（需核对粒子种类）,半导体/金刚石/SiC/Si及像素探测; 气体/GEM与微图案气体读出（需核对粒子种类）; 标定/反演/饱和与EMP抗扰,半导体/金刚石/SiC/Si及像素探测,半导体/金刚石/SiC/Si及像素探测; 气体/GEM与微图案气体读出（需核对粒子种类）; 标定/反演/饱和与EMP抗扰,题名及可用摘要线索,emulsion_gas_luminescence; gas_laser; semiconductor,targeted_search_20261004,,否,not_download_attempted_in_this_survey,,,,,,专题标签仅为题名/摘要线索，不证明论文实际使用该器件；不同场景配置不得继承；未确认出版DOI；预印本/报告/会议与正式版关系待核对；CCD/CMOS光学读出与直接半导体离子探测角色须全文区分,本次未做全文科学审核,2026/10/4
未下载,本轮尚未尝试下载,IONDET-0251,Ang15,Time-Of-Flight And X-Ray Detectors Based On Dual-Diamond Assembly For Laser Produced Plasmas In The Abc Facility,Time-Of-Flight And X-Ray Detectors Based On Dual-Diamond Assembly For Laser Produced Plasmas In The Abc Facility,2015,2015,R. De Angelis,"Unknown Journal, pp. 119",,,https://www.semanticscholar.org/paper/5819ca585a79731eae01a7819bfc4df6ebf46883,no_publication_doi_pending_identity,E_范围外候选,标题主对象为电子/光子/中子，未确认离子诊断功能,飞行时间TOF/时间分辨,,飞行时间TOF/时间分辨,飞行时间TOF/时间分辨,,仅题名/明确人工核对说明,tof,targeted_search_20261004,,否,not_download_attempted_in_this_survey,,,,,,专题标签仅为题名/摘要线索，不证明论文实际使用该器件；不同场景配置不得继承；未确认出版DOI；预印本/报告/会议与正式版关系待核对,本次未做全文科学审核,2026/10/4
未下载,本轮尚未尝试下载,IONDET-0269,Cip12,"Compton scattering for single-shot spectroscopic detection of ultra-fast, high flux, broad energy range X-rays using Timepix","Compton scattering for single-shot spectroscopic detection of ultra-fast, high flux, broad energy range X-rays using Timepix",2012,2012,"Silvia Cipiccia, ..., and D. Jaroszynski",Journal of Instrumentation,,,https://www.semanticscholar.org/paper/f2d3e055a29d222f30015f919315559845a1662c,no_publication_doi_pending_identity,E_范围外候选,Timepix用于X射线Compton谱，不是离子探测,,半导体/金刚石/SiC/Si及像素探测,半导体/金刚石/SiC/Si及像素探测; 标定/反演/饱和与EMP抗扰,半导体/金刚石/SiC/Si及像素探测,半导体/金刚石/SiC/Si及像素探测; 标定/反演/饱和与EMP抗扰,题名及可用摘要线索,semiconductor,targeted_search_20261004,,否,not_download_attempted_in_this_survey,,,,,,专题标签仅为题名/摘要线索，不证明论文实际使用该器件；不同场景配置不得继承；未确认出版DOI；预印本/报告/会议与正式版关系待核对；CCD/CMOS光学读出与直接半导体离子探测角色须全文区分,本次未做全文科学审核,2026/10/4
