来源编号,年份,题名,DOI,状态
Kau15,2015,Radiochromic film diagnostics for laser-driven ion beams,10.1117/12.2179354,未找到PDF入口
Das08,2008,Diagnostics for laser plasma acceleration of ions,,未找到PDF入口
Lef25,2025,Advanced scintillator stack detectors for real-time analysis of energetic x-rays and proton bunches from laser-driven plasmas,10.1117/12.3056290,未找到PDF入口
Cir25,2025,First dosimetric commissioning of a 20 MeV laser-driven proton beam at the ELIMAIA-ELIMED facility,10.1117/12.3056335,未找到PDF入口
Ill21,2021,Modelling Tomographic Reconstruction using Scintillator Fibres for active proton imaging,,未找到PDF入口
Win20,2020,Development of a new Thomson parabola spectrometer for analysis of laser accelerated ions,,未找到PDF入口
Mil18,2018,TOF-based diagnosis of high-energy laser-accelerated protons using diamond detectors,,未找到PDF入口
Tud17,2017,THE DESIGN OF A PROTON SPECTROMETER FOR 60-200 MeV ENERGY RANGE,,未找到PDF入口
Can17,2016,Structure of semiconductor detectors for characterization of ionizing radiation sources,10.1285/i9788883051302p23,未找到PDF入口
Kan16,2016,The precise measurement of laser-accelerated ions using CR-39 detectors,,未找到PDF入口
Roj15,2015,Impact of x-ray dose on the response of CR-39 nuclear track detector to 1-5.5 MeV alphas and 0.5-9.1 MeV protons for spectroscopy at the OMEGA Laser Facility and the National Ignition Facility,,未找到PDF入口
Tor15,2015,SiC detectors for fast diagnostic of high intensity laser-generated plasmas,10.1285/i9788883051081p69,未找到PDF入口
Cir15b,2015,Transport and dosimetry solutions for laser driven beams : the ELIMED beam line,,未找到PDF入口
Dep14,2014,Coloration quenching of radiochromic films irradiated with proton energies close to maximum energy loss,10.15120/gr-2014-1-pni-pp-12,无落地页
Ass14,2014,Detectors for laser-accelerated ion beams?,,未找到PDF入口
Cut13c,2013,Diagnostics of fast plasmas produced by intense laser pulses,,未找到PDF入口
Pad13,2013,Improvements in Thomson Parabola studies : a new ImageJ script for spectral energy analysis and measurements using a double Image Plate detector,,未找到PDF入口
Coo13,2013,Investigating the response of scintillators for the detection of laser accelerated protons,,未找到PDF入口
Cir13b,2013,Measurements with an innovative high energy resolution Thomson Parabola Spectrometer,,未找到PDF入口
Coo12,2012,Comparison of scintillators for single shot imaging of laser accelerated proton beams,,未找到PDF入口
Gre11b,2011,Characterisation of plastic scintillators for detection of laser-accelerated protons,,未找到PDF入口
Pla09,2009,Characterization of laser induced proton beams with radiochromic films: comparison between optical densitometry and nuclear activation analyses.,,未找到PDF入口
Gre09,2009,Multi-channel system for imaging laser accelerated proton beams,,未找到PDF入口
Mal08,2008,Calibration and applications of modern track detectors CR-39/PM-355 in nuclear physics and high temperature plasma experiments,,未找到PDF入口
Sch08,2008,Interpretation of laser-produced ion beam diagnostics using the PTRACE code,,未找到PDF入口
Nur07,2007,3-D reconstruction of a laser accelerated proton beam using micro-structured target foils and radiochromic film detectors,,未找到PDF入口
Lee07,2007,Study on the Tracks in a Nuclear Track Detector (CR39) for Detection of Laser-Induced Charged Particles,10.3938/jkps.51.426,未找到PDF入口
Bre04,2004,Spectral and angular characterization of laser-produced proton beams from dosimetric measurements,10.1017/s0263034604040030,未找到PDF入口
Fle00,2000,CR-39 Track Detector Calibrations for ICF Experiments,,未找到PDF入口
Kac84,1984,Modified Thomson Parabola Ion Spectrometers for Use in Laser Generated Plasma Experiments.,,未找到PDF入口
Ceg80,1980,Solid state track detectors in the inertial confinement fusion program at LLL. [CR-39 and cellulose nitrate detectors],,未找到PDF入口
Par15,2015,Ionoacoustics: A new direct method for range verification,10.1142/s0217732315400258,未找到PDF入口
WEB_Rossomme2012,2012,SU‐E‐T‐146: Reference Dosimetry for Protons and Light‐Ion Beams Based on Graphite Calorimetry,10.1118/1.4735204,未找到PDF入口
Szy03b,2003,CALIBRATION AND APPLICATION OF CR-39 TYPE NUCLEAR TRACK DETECTORS IN PLASMA FOCUS AND OTHER PLASMA EXPERIMENTS,10.1615/hightempmatproc.v7.i4.110,无落地页
Mao00,2000,A Faraday Cup for Measuring 100MeV Protons,,未找到PDF入口
Sad98,1998,CALIBRATION AND APPLICATION OF NUCLEAR TRACK DETECTORS FOR HIGH-TEMPERATURE PLASMA DIAGNOSTICS,10.1615/hightempmatproc.v7.i4.110,未找到PDF入口
Val19,2019,The laser-driven ion acceleration beamline on the ALLS 200 TW for testing nanowire targets,10.1117/12.2520178,未找到PDF入口
Sel18,2018,Time-dependant Nyquist limited Fourier transform analysis of electromagnetic pulse data,,未找到PDF入口
Car17,2017,"Effects of Pulse Duration, Energy and Target Type on the frequencies of Electromagnetic Pulses in a Petawatt laser system",,未找到PDF入口
Aur11,2011,Development and Test of New Thomson-Parabolas for Laser-Ion-Acceleration,,未找到PDF入口
Bor10,2010,Radiation Pressure effects on ion Acceleration on the GEMINI laser Contact :,,未找到PDF入口
Laz05,2005,Electromagnetic pulse suppression in laser plasma interaction experiments on the Vulcan Petawatt laser,,未找到PDF入口
Bor02,2002,Laser-produced protons and their application as a particle probe,10.1017/s0263034602202177,未找到PDF入口
Pik16; Pik16b,2016,Solid-state track detectors in laser plasma investigations,10.1134/s0018151x16030160,未找到PDF入口
Kra16,2016,Plasma Physics and Technology,,未找到PDF入口
Cla15,2015,GEMpix detector: A new diagnostic for Laser Produced Plasmas monitoring,,未找到PDF入口
Cla18,2018,"Timepix chip interface detectors for X-rays , gammas and electrons monitor on Laser Produced Plasmas",,未找到PDF入口
Ang15,2015,Time-Of-Flight And X-Ray Detectors Based On Dual-Diamond Assembly For Laser Produced Plasmas In The Abc Facility,,未找到PDF入口
Cip12,2012,"Compton scattering for single-shot spectroscopic detection of ultra-fast, high flux, broad energy range X-rays using Timepix",,未找到PDF入口
