记录ID,来源编号,题名,发表年份_登记或来源,期刊或会议,DOI,DOI入口,无DOI存档入口,备注
IONDET-0321,Das08,Diagnostics for laser plasma acceleration of ions,2008,Bulletin of the American Physical Society,,,https://www.semanticscholar.org/paper/e6990f678a9963fb88446242e1e6bb57b5e16336,
IONDET-0338,Cir25,First dosimetric commissioning of a 20 MeV laser-driven proton beam at the ELIMAIA-ELIMED facility,2025,Research Using Extreme Light Infrastructures: New Frontiers with Petawatt-Level Lasers VI,10.1117/12.3056335,https://doi.org/10.1117/12.3056335,,
IONDET-0200,Ill21,Modelling Tomographic Reconstruction using Scintillator Fibres for active proton imaging,2021,,,,https://www.semanticscholar.org/paper/51fc1e1f6a1904793d6114fdc62ea10b78f20ea8,
IONDET-0216,Mil18,TOF-based diagnosis of high-energy laser-accelerated protons using diamond detectors,2018,,,,https://www.semanticscholar.org/paper/0acc268b0dddf30a9f5d3fc618349b69859e0620,
IONDET-0213,Tud17,THE DESIGN OF A PROTON SPECTROMETER FOR 60-200 MeV ENERGY RANGE,2017,,,,https://www.semanticscholar.org/paper/1066b1b4300eb6604a6ca1e75e241ec69b028b2b,
IONDET-0264,Can17,Structure of semiconductor detectors for characterization of ionizing radiation sources,2016,"Unknown Journal, pp. 23-27",10.1285/i9788883051302p23,https://doi.org/10.1285/i9788883051302p23,,
IONDET-0207,Kan16,The precise measurement of laser-accelerated ions using CR-39 detectors,2016,,,,https://www.semanticscholar.org/paper/04ab7f081e4a7074ee59cc295efa7e97572e9edd,
IONDET-0247,Roj15,Impact of x-ray dose on the response of CR-39 nuclear track detector to 1-5.5 MeV alphas and 0.5-9.1 MeV protons for spectroscopy at the OMEGA Laser Facility and the National Ignition Facility,2015,Unknown Journal,,,https://www.semanticscholar.org/paper/e925806414684f922468d46d7fb1a6bcade05bca,
IONDET-0270,Tor15,SiC detectors for fast diagnostic of high intensity laser-generated plasmas,2015,"Unknown Journal, pp. 69-73",10.1285/i9788883051081p69,https://doi.org/10.1285/i9788883051081p69,,
IONDET-0340,Cir15b,Transport and dosimetry solutions for laser driven beams : the ELIMED beam line,2015,Unknown Journal,,,https://www.semanticscholar.org/paper/b56dbef5dc87488de4615f09733867ea9409564d,
IONDET-0209,Dep14,Coloration quenching of radiochromic films irradiated with proton energies close to maximum energy loss,2014,,10.15120/gr-2014-1-pni-pp-12,https://doi.org/10.15120/gr-2014-1-pni-pp-12,,
IONDET-0268,Ass14,Detectors for laser-accelerated ion beams?,2014,Unknown Journal,,,https://www.semanticscholar.org/paper/07ab9781801fa87a20eafaf4e04ab23115201dfa,
IONDET-0212,Cut13c,Diagnostics of fast plasmas produced by intense laser pulses,2013,,,,https://www.semanticscholar.org/paper/98ddf315d4957057cbb0fdc6db7b13cb0fdf2722,
IONDET-0194,Pad13,Improvements in Thomson Parabola studies : a new ImageJ script for spectral energy analysis and measurements using a double Image Plate detector,2013,,,,https://www.semanticscholar.org/paper/9086212593936e767966ba8e6e3f66ad68daeaa7,
IONDET-0215,Coo13,Investigating the response of scintillators for the detection of laser accelerated protons,2013,,,,https://www.semanticscholar.org/paper/fffd3e5d56d72226322873b76d512aecdd6b0119,
IONDET-0197,Cir13b,Measurements with an innovative high energy resolution Thomson Parabola Spectrometer,2013,,,,https://www.semanticscholar.org/paper/bd6a55d4eb0ad033c454e17bdd2174beeb3ae8e7,
IONDET-0234,Coo12,Comparison of scintillators for single shot imaging of laser accelerated proton beams,2012,Bulletin of the American Physical Society,,,https://www.semanticscholar.org/paper/6c34bfdc3b5870326a2e5077ec00997cef452d22,
IONDET-0175,Gre11b,Characterisation of plastic scintillators for detection of laser-accelerated protons,2011,,,,https://www.semanticscholar.org/paper/34575feee24556211f796810315061120520dc58,
IONDET-0131,Pla09,Characterization of laser induced proton beams with radiochromic films: comparison between optical densitometry and nuclear activation analyses.,2009,,,,https://www.semanticscholar.org/paper/61bae1e69a7f650ece243498fd4d687801b3c202,
IONDET-0259,Gre09,Multi-channel system for imaging laser accelerated proton beams,2009,Unknown Journal,,,https://www.semanticscholar.org/paper/218a2d40ccedc4244752fc56a8794c6abe50f343,
IONDET-0245,Mal08,Calibration and applications of modern track detectors CR-39/PM-355 in nuclear physics and high temperature plasma experiments,2008,Nukleonika,,,https://www.semanticscholar.org/paper/b5a8d632e7a9621c35fedda33055705c6a66eac8,
IONDET-0193,Sch08,Interpretation of laser-produced ion beam diagnostics using the PTRACE code,2008,,,,https://www.semanticscholar.org/paper/53b2e3c010f1e26af1e1b5e8411d88d2ecb2fa85,
IONDET-0187,Nur07,3-D reconstruction of a laser accelerated proton beam using micro-structured target foils and radiochromic film detectors,2007,,,,https://www.semanticscholar.org/paper/fe333bbb48a2364a2d525eca72e89333209b5e78,
IONDET-0153,Lee07,Study on the Tracks in a Nuclear Track Detector (CR39) for Detection of Laser-Induced Charged Particles,2007,Journal of the Korean Physical Society,10.3938/jkps.51.426,https://doi.org/10.3938/jkps.51.426,,
IONDET-0248,Fle00,CR-39 Track Detector Calibrations for ICF Experiments,2000,Unknown Journal,,,https://www.semanticscholar.org/paper/b55d003ee7bfbd334a96654456de8c200e443bb9,
IONDET-0178,Kac84,Modified Thomson Parabola Ion Spectrometers for Use in Laser Generated Plasma Experiments.,1984,,,,https://www.semanticscholar.org/paper/c8726ed73090e976b57a6c3c489b7aeec95513f3,
IONDET-0249,Ceg80,Solid state track detectors in the inertial confinement fusion program at LLL. [CR-39 and cellulose nitrate detectors],1980,Unknown Journal,,,https://www.semanticscholar.org/paper/4f85974c50898e7b16266e030196bec9be3d816b,
IONDET-0391,WEB_Rossomme2012,SU‐E‐T‐146: Reference Dosimetry for Protons and Light‐Ion Beams Based on Graphite Calorimetry,2012,Medical Physics,10.1118/1.4735204,https://doi.org/10.1118/1.4735204,,
IONDET-0244,Szy03b,CALIBRATION AND APPLICATION OF CR-39 TYPE NUCLEAR TRACK DETECTORS IN PLASMA FOCUS AND OTHER PLASMA EXPERIMENTS,2003,High Temperature Material Processes (An International Quarterly of High-Technology Plasma Processes),10.1615/hightempmatproc.v7.i4.110,https://doi.org/10.1615/hightempmatproc.v7.i4.110,,
IONDET-0280,Mao00,A Faraday Cup for Measuring 100MeV Protons,2000,Unknown Journal,,,https://www.semanticscholar.org/paper/70a4882829820eeaf6e15fde393ce0e4c1c3e644,
IONDET-0250,Sad98,CALIBRATION AND APPLICATION OF NUCLEAR TRACK DETECTORS FOR HIGH-TEMPERATURE PLASMA DIAGNOSTICS,1998,Unknown Journal,,,https://www.semanticscholar.org/paper/05a7dd85401f9689f1472b3ddf618de7273585b9,
IONDET-0158,Val19,The laser-driven ion acceleration beamline on the ALLS 200 TW for testing nanowire targets,2019,"Laser Acceleration of Electrons, Protons, and Ions V",10.1117/12.2520178,https://doi.org/10.1117/12.2520178,,
IONDET-0329,Sel18,Time-dependant Nyquist limited Fourier transform analysis of electromagnetic pulse data,2018,Unknown Journal,,,https://www.semanticscholar.org/paper/3340f35e84222d92a06788cb524195962102322a,
IONDET-0330,Car17,"Effects of Pulse Duration, Energy and Target Type on the frequencies of Electromagnetic Pulses in a Petawatt laser system",2017,Unknown Journal,,,https://www.semanticscholar.org/paper/e3dfb7713e4174820ab8ba05339115206c6f8896,
IONDET-0181,Aur11,Development and Test of New Thomson-Parabolas for Laser-Ion-Acceleration,2011,,,,https://www.semanticscholar.org/paper/6944e6557bd505aea7e1c1d9657b144c7ab1d036,
IONDET-0257,Bor10,Radiation Pressure effects on ion Acceleration on the GEMINI laser Contact :,2010,Unknown Journal,,,https://www.semanticscholar.org/paper/b9711b291589ecb38664f1ca967dfb4908edf29d,
IONDET-0332,Laz05,Electromagnetic pulse suppression in laser plasma interaction experiments on the Vulcan Petawatt laser,2005,Unknown Journal,,,https://www.semanticscholar.org/paper/92c5ca5b871b2c5488b22b0400ca4eec928ea85a,
IONDET-0243,Pik16; Pik16b,Solid-state track detectors in laser plasma investigations,2016,High Temperature,10.1134/s0018151x16030160,https://doi.org/10.1134/s0018151x16030160,,已被 Pik16.pdf 实质覆盖
IONDET-0173,Kra16,Plasma Physics and Technology,2016,,,,https://www.semanticscholar.org/paper/6e1ac3e5ea1007dfaa1031bbcefca435295459f4,
IONDET-0328,Cla15,GEMpix detector: A new diagnostic for Laser Produced Plasmas monitoring,2015,Unknown Journal,,,https://www.semanticscholar.org/paper/23656bab97eef96c42d782c29f77d90cd06fc80f,
IONDET-0267,Cla18,"Timepix chip interface detectors for X-rays , gammas and electrons monitor on Laser Produced Plasmas",2018,Unknown Journal,,,https://www.semanticscholar.org/paper/f372a7ee54f26dffb34f81e040b9ca1d919253af,
IONDET-0251,Ang15,Time-Of-Flight And X-Ray Detectors Based On Dual-Diamond Assembly For Laser Produced Plasmas In The Abc Facility,2015,"Unknown Journal, pp. 119",,,https://www.semanticscholar.org/paper/5819ca585a79731eae01a7819bfc4df6ebf46883,
IONDET-0269,Cip12,"Compton scattering for single-shot spectroscopic detection of ultra-fast, high flux, broad energy range X-rays using Timepix",2012,Journal of Instrumentation,,,https://www.semanticscholar.org/paper/f2d3e055a29d222f30015f919315559845a1662c,
