来源编号,题名,DOI链接,备用入口,状态
Das08,Diagnostics for laser plasma acceleration of ions,,https://www.semanticscholar.org/paper/e6990f678a9963fb88446242e1e6bb57b5e16336,未找到PDF入口
Cir25,First dosimetric commissioning of a 20 MeV laser-driven proton beam at the ELIMAIA-ELIMED facility,https://doi.org/10.1117/12.3056335,,未找到PDF入口
Ill21,Modelling Tomographic Reconstruction using Scintillator Fibres for active proton imaging,,https://www.semanticscholar.org/paper/51fc1e1f6a1904793d6114fdc62ea10b78f20ea8,未找到PDF入口
Mil18,TOF-based diagnosis of high-energy laser-accelerated protons using diamond detectors,,https://www.semanticscholar.org/paper/0acc268b0dddf30a9f5d3fc618349b69859e0620,未找到PDF入口
Tud17,THE DESIGN OF A PROTON SPECTROMETER FOR 60-200 MeV ENERGY RANGE,,https://www.semanticscholar.org/paper/1066b1b4300eb6604a6ca1e75e241ec69b028b2b,未找到PDF入口
Can17,Structure of semiconductor detectors for characterization of ionizing radiation sources,https://doi.org/10.1285/i9788883051302p23,,未找到PDF入口
Kan16,The precise measurement of laser-accelerated ions using CR-39 detectors,,https://www.semanticscholar.org/paper/04ab7f081e4a7074ee59cc295efa7e97572e9edd,未找到PDF入口
Roj15,Impact of x-ray dose on the response of CR-39 nuclear track detector to 1-5.5 MeV alphas and 0.5-9.1 MeV protons for spectroscopy at the OMEGA Laser Facility and the National Ignition Facility,,https://www.semanticscholar.org/paper/e925806414684f922468d46d7fb1a6bcade05bca,未找到PDF入口
Tor15,SiC detectors for fast diagnostic of high intensity laser-generated plasmas,https://doi.org/10.1285/i9788883051081p69,,未找到PDF入口
Cir15b,Transport and dosimetry solutions for laser driven beams : the ELIMED beam line,,https://www.semanticscholar.org/paper/b56dbef5dc87488de4615f09733867ea9409564d,未找到PDF入口
Dep14,Coloration quenching of radiochromic films irradiated with proton energies close to maximum energy loss,https://doi.org/10.15120/gr-2014-1-pni-pp-12,,无落地页
Ass14,Detectors for laser-accelerated ion beams?,,https://www.semanticscholar.org/paper/07ab9781801fa87a20eafaf4e04ab23115201dfa,未找到PDF入口
Cut13c,Diagnostics of fast plasmas produced by intense laser pulses,,https://www.semanticscholar.org/paper/98ddf315d4957057cbb0fdc6db7b13cb0fdf2722,未找到PDF入口
Pad13,Improvements in Thomson Parabola studies : a new ImageJ script for spectral energy analysis and measurements using a double Image Plate detector,,https://www.semanticscholar.org/paper/9086212593936e767966ba8e6e3f66ad68daeaa7,未找到PDF入口
Coo13,Investigating the response of scintillators for the detection of laser accelerated protons,,https://www.semanticscholar.org/paper/fffd3e5d56d72226322873b76d512aecdd6b0119,未找到PDF入口
Cir13b,Measurements with an innovative high energy resolution Thomson Parabola Spectrometer,,https://www.semanticscholar.org/paper/bd6a55d4eb0ad033c454e17bdd2174beeb3ae8e7,未找到PDF入口
Coo12,Comparison of scintillators for single shot imaging of laser accelerated proton beams,,https://www.semanticscholar.org/paper/6c34bfdc3b5870326a2e5077ec00997cef452d22,未找到PDF入口
Gre11b,Characterisation of plastic scintillators for detection of laser-accelerated protons,,https://www.semanticscholar.org/paper/34575feee24556211f796810315061120520dc58,未找到PDF入口
Pla09,Characterization of laser induced proton beams with radiochromic films: comparison between optical densitometry and nuclear activation analyses.,,https://www.semanticscholar.org/paper/61bae1e69a7f650ece243498fd4d687801b3c202,未找到PDF入口
Gre09,Multi-channel system for imaging laser accelerated proton beams,,https://www.semanticscholar.org/paper/218a2d40ccedc4244752fc56a8794c6abe50f343,未找到PDF入口
Mal08,Calibration and applications of modern track detectors CR-39/PM-355 in nuclear physics and high temperature plasma experiments,,https://www.semanticscholar.org/paper/b5a8d632e7a9621c35fedda33055705c6a66eac8,未找到PDF入口
Sch08,Interpretation of laser-produced ion beam diagnostics using the PTRACE code,,https://www.semanticscholar.org/paper/53b2e3c010f1e26af1e1b5e8411d88d2ecb2fa85,未找到PDF入口
Nur07,3-D reconstruction of a laser accelerated proton beam using micro-structured target foils and radiochromic film detectors,,https://www.semanticscholar.org/paper/fe333bbb48a2364a2d525eca72e89333209b5e78,未找到PDF入口
Lee07,Study on the Tracks in a Nuclear Track Detector (CR39) for Detection of Laser-Induced Charged Particles,https://doi.org/10.3938/jkps.51.426,,未找到PDF入口
Fle00,CR-39 Track Detector Calibrations for ICF Experiments,,https://www.semanticscholar.org/paper/b55d003ee7bfbd334a96654456de8c200e443bb9,未找到PDF入口
Kac84,Modified Thomson Parabola Ion Spectrometers for Use in Laser Generated Plasma Experiments.,,https://www.semanticscholar.org/paper/c8726ed73090e976b57a6c3c489b7aeec95513f3,未找到PDF入口
Ceg80,Solid state track detectors in the inertial confinement fusion program at LLL. [CR-39 and cellulose nitrate detectors],,https://www.semanticscholar.org/paper/4f85974c50898e7b16266e030196bec9be3d816b,未找到PDF入口
WEB_Rossomme2012,SU‐E‐T‐146: Reference Dosimetry for Protons and Light‐Ion Beams Based on Graphite Calorimetry,https://doi.org/10.1118/1.4735204,,未找到PDF入口
Szy03b,CALIBRATION AND APPLICATION OF CR-39 TYPE NUCLEAR TRACK DETECTORS IN PLASMA FOCUS AND OTHER PLASMA EXPERIMENTS,https://doi.org/10.1615/hightempmatproc.v7.i4.110,,无落地页
Mao00,A Faraday Cup for Measuring 100MeV Protons,,https://www.semanticscholar.org/paper/70a4882829820eeaf6e15fde393ce0e4c1c3e644,未找到PDF入口
Sad98,CALIBRATION AND APPLICATION OF NUCLEAR TRACK DETECTORS FOR HIGH-TEMPERATURE PLASMA DIAGNOSTICS,https://doi.org/10.1615/hightempmatproc.v7.i4.110,https://www.semanticscholar.org/paper/05a7dd85401f9689f1472b3ddf618de7273585b9,未找到PDF入口
Val19,The laser-driven ion acceleration beamline on the ALLS 200 TW for testing nanowire targets,https://doi.org/10.1117/12.2520178,,未找到PDF入口
Sel18,Time-dependant Nyquist limited Fourier transform analysis of electromagnetic pulse data,,https://www.semanticscholar.org/paper/3340f35e84222d92a06788cb524195962102322a,未找到PDF入口
Car17,"Effects of Pulse Duration, Energy and Target Type on the frequencies of Electromagnetic Pulses in a Petawatt laser system",,https://www.semanticscholar.org/paper/e3dfb7713e4174820ab8ba05339115206c6f8896,未找到PDF入口
Aur11,Development and Test of New Thomson-Parabolas for Laser-Ion-Acceleration,,https://www.semanticscholar.org/paper/6944e6557bd505aea7e1c1d9657b144c7ab1d036,未找到PDF入口
Bor10,Radiation Pressure effects on ion Acceleration on the GEMINI laser Contact :,,https://www.semanticscholar.org/paper/b9711b291589ecb38664f1ca967dfb4908edf29d,未找到PDF入口
Laz05,Electromagnetic pulse suppression in laser plasma interaction experiments on the Vulcan Petawatt laser,,https://www.semanticscholar.org/paper/92c5ca5b871b2c5488b22b0400ca4eec928ea85a,未找到PDF入口
Kra16,Plasma Physics and Technology,,https://www.semanticscholar.org/paper/6e1ac3e5ea1007dfaa1031bbcefca435295459f4,未找到PDF入口
Cla15,GEMpix detector: A new diagnostic for Laser Produced Plasmas monitoring,,https://www.semanticscholar.org/paper/23656bab97eef96c42d782c29f77d90cd06fc80f,未找到PDF入口
Cla18,"Timepix chip interface detectors for X-rays , gammas and electrons monitor on Laser Produced Plasmas",,https://www.semanticscholar.org/paper/f372a7ee54f26dffb34f81e040b9ca1d919253af,未找到PDF入口
Ang15,Time-Of-Flight And X-Ray Detectors Based On Dual-Diamond Assembly For Laser Produced Plasmas In The Abc Facility,,https://www.semanticscholar.org/paper/5819ca585a79731eae01a7819bfc4df6ebf46883,未找到PDF入口
Cip12,"Compton scattering for single-shot spectroscopic detection of ultra-fast, high flux, broad energy range X-rays using Timepix",,https://www.semanticscholar.org/paper/f2d3e055a29d222f30015f919315559845a1662c,未找到PDF入口
